kabupaten,jumlah_penduduk_miskin,presentase_penduduk_miskin,p1,p2,garis_kemiskinan,tamat_kurang_sd,datam_sd_smp,tamat_lebih_dari_SMA,partisipasi_sekolah_7-12,partisipasi_sekolah_13-15,tidak_bekerja,bekerja_informal,bekerja_formal,tidak_bekerja,bekerja_pertanian,bekerja_bukan_pertanian,pengeluaran_makanan_miskin,pengeluaran_makanan_tidak_miskin,pengeluaran_makanan_total,air_layak,jamban
Simeulue,17.62,17.92,3.26,0.96,"538,693",13.39,55.61,31,98.21,100,55.42,34.97,9.61,55.42,33.99,10.59,63.76,56.63,57.18,71.5,69.37
Aceh Singkil,24.62,19.15,2.99,0.8,"568,691",16.4,53.55,30.04,100,100,46.66,31.29,22.04,46.66,35.54,17.8,69.28,60.1,61,73.55,84.3
Aceh Selatan,30.36,12.1,1.85,0.46,"494,565",18.38,52.27,29.34,95.72,93.93,60.49,23.07,16.45,60.49,21.15,18.36,62.02,61.57,61.59,80.26,74.33
Aceh Tenggara,27.96,12.45,1.59,0.33,"471,301",8.55,48.55,42.91,100,100,46.95,50.3,2.75,46.95,37.42,15.63,65.48,60.98,61.22,94.59,67.16
Aceh Timur,60.63,13.39,2.43,0.65,"530,934",4.38,66.54,29.08,100,100,55.87,17.1,27.03,55.87,27.89,16.24,64.65,60.39,60.66,71.82,82.72
Aceh Tengah,31.68,14.38,2.21,0.53,"584,863",7.33,51.59,41.08,100,100,26.24,66.94,6.82,26.24,59.88,13.88,59.76,53.22,53.72,93.43,92.79
Aceh Barat,38.84,17.86,2.47,0.53,"616,091",12.94,51.49,35.57,100,99.22,43.02,31.05,25.93,43.02,27.15,29.83,64.72,54.61,55.58,91.49,88.51
Aceh Besar,58.94,13.38,2,0.43,"564,431",9.7,47.65,42.65,98.87,100,38.2,46.31,15.49,38.2,39.56,22.24,63.95,52.64,53.29,94.72,72.48
Pidie,86.79,18.78,4.09,1.23,"579,450",11.91,51.71,36.37,99.15,92.65,48.28,32.58,19.13,48.28,28.25,23.47,67.65,62.49,63.02,85.79,34.05
Bireuen,59.21,12.12,1.9,0.46,"486,667",12.33,61.85,25.83,100,89.31,40.42,35.22,24.35,40.42,31.36,28.21,63.13,59.95,60.13,96.81,84.84
Aceh Utara,106.77,16.64,2.16,0.42,"454,361",11.39,60.17,28.44,100,100,49.11,36.67,14.22,49.11,32.92,17.97,67.57,61.55,61.99,86.43,73.32
Aceh Barat Daya,24.31,15.43,3.15,0.98,"474,127",14.31,50.93,34.76,100,78.9,50.62,19.45,29.93,50.62,26.42,22.97,64.46,57.85,58.36,96.29,74.29
Gayo Lues,18.24,18.82,3.13,0.85,"514,836",21.89,54.3,23.81,99.09,100,28.75,63.94,7.31,28.75,60.75,10.5,66.83,59.86,60.59,56.7,53.27
Aceh Tamiang,38.37,12.51,1.94,0.41,"555,387",11.1,44.59,44.31,100,100,56.79,24.96,18.25,56.79,18.98,24.23,59.68,56.08,56.27,92.14,92.86
Nagan Raya,29.78,17.25,3.12,1.05,"594,374",12.1,43.11,44.8,100,96.79,41.43,34.69,23.88,41.43,26.79,31.78,61.93,67.31,66.8,87.92,93.32
Aceh Jaya,12.22,12.42,2.22,0.56,"515,244",13.82,59.99,26.19,99.71,100,37.89,50.83,11.28,37.89,48.95,13.16,63.12,57.69,58,84.06,68.33
Bener Meriah,28.19,18.31,3.16,0.88,"551,868",8.76,36.41,54.83,99.21,96.43,28.41,67.55,4.04,28.41,61.65,9.93,62.24,56.21,56.81,77.31,88
Pidie Jaya,30.74,18.4,2.81,0.67,"572,452",8.92,40.23,50.85,97.29,99.73,53.03,29.97,17,53.03,27.21,19.76,66.7,60.81,61.43,85.44,76.65
Kota Banda Aceh,19.94,7.04,0.8,0.16,"814,530",1.97,32.46,65.57,99.8,100,51.55,11.19,37.26,51.55,4.23,44.23,56.41,44.49,44.8,99.87,100
Kota Sabang,5.14,14.59,3.17,1.01,"715,446",3.26,40.2,56.53,96.9,100,42.26,33.11,24.62,42.26,25.2,32.54,55.5,50.72,51,73.5,93.26
Kota Langsa,19.5,10.53,1.87,0.52,"512,319",8.61,51.97,39.42,100,94.42,53.93,18.98,27.09,53.93,8.36,37.71,61.51,49.9,50.37,99.65,95.27
Kota Lhokseumawe,23.1,10.73,2.23,0.7,"498,431",6.17,54.11,39.72,100,95.39,51.21,17.16,31.63,51.21,7.79,41,61.38,51.1,51.53,97.92,89.54
Kota Subulussalam,13.8,16.41,2.19,0.5,"487,777",21.15,50.16,28.68,100,95.98,54.56,23.54,21.9,54.56,33.09,12.35,61.5,52.46,53.18,30.41,84.13
Nias,21.99,15.1,1.95,0.4,"485,533",37.49,43.75,18.76,98.64,100,27.42,71.92,0.65,27.42,72.08,0.49,63.88,58.63,59.02,56.13,42.07
Mandailing Natal,41.04,8.86,1.48,0.44,"487,436",5.95,72.27,21.77,100,91,43.11,35.35,21.54,43.11,37.04,19.85,67.48,63.38,63.54,75.63,17.58
Tapanuli Selatan,20.09,7.01,0.92,0.18,"480,834",8.31,53.38,38.32,97.25,100,34.53,61.42,4.04,34.53,47.99,17.47,66.02,59.67,59.9,64.75,51.21
Tapanuli Tengah,47.09,11.5,1.58,0.31,"489,760",28.29,46.61,25.11,100,92.32,31.8,48.73,19.47,31.8,46.82,21.38,65.68,60.08,60.39,68.55,52.89
Tapanuli Utara,26.39,8.54,0.94,0.18,"499,881",4.04,34.97,60.99,99.87,100,17.45,74.6,7.95,17.45,65.07,17.48,67.91,64.34,64.48,75.54,97.31
Toba Samosir,14.94,8.04,1.02,0.18,"496,950",5.92,51.65,42.42,97.98,100,14.03,79.02,6.95,14.03,71.52,14.45,67.11,60.27,60.51,96.1,80.82
Labuhan Batu,42.58,7.99,1.4,0.37,"524,240",15.15,50.52,34.33,100,84.59,40.17,22.86,36.97,40.17,25.54,34.29,61.96,56.42,56.61,92.85,84.85
Asahan,61.69,8.21,0.77,0.13,"427,293",9.69,58.92,31.38,100,88.18,45.83,32.07,22.1,45.83,16.51,37.66,59.67,56.49,56.61,94.94,94.61
Simalungun,69.21,7.87,1,0.21,"467,926",12.88,41.84,45.27,100,89.15,38.97,35.78,25.25,38.97,29.76,31.28,66.52,57.99,58.26,89.9,84.7
Dairi,21.42,7.47,0.93,0.17,"463,360",6.5,52.41,41.09,94.48,100,11.45,75.49,13.06,11.45,70.38,18.17,64.43,58.63,58.84,77.24,92.38
Karo,35.65,7.98,1.17,0.29,"606,244",13.7,37.76,48.54,98.03,100,19.93,68.28,11.78,19.93,55.33,24.74,64.41,63.95,63.97,93.28,96.51
Deli Serdang,82.75,3.44,0.34,0.07,"479,509",11.01,44.02,44.97,100,94.21,54.9,14.51,30.59,54.9,9.55,35.55,62.77,52.77,52.9,97.43,94.51
Langkat,98.16,9.23,2.22,0.79,"483,543",17.4,55.68,26.92,97.34,100,61.59,17.2,21.21,61.59,12.73,25.69,60.5,57.93,58.03,97.67,92.34
Nias Selatan,54.29,16.39,3.04,0.85,"379,929",33.3,42.07,24.63,97.34,89.35,36.1,62.56,1.34,36.1,57.35,6.55,68.69,60.87,61.49,44.02,49.5
Humbang Hasundutan,17.14,8.69,0.99,0.19,"451,625",13.02,42.34,44.63,99.49,100,16.16,83.84,-,16.16,81.31,2.53,65.2,58.76,59.03,97.55,97.71
Pakpak Bharat,4.01,7.54,0.49,0.07,"384,812",13.24,61.52,25.24,100,100,25.53,72.46,2,25.53,48.62,25.85,60.95,58.46,58.55,69.75,100
Samosir,14.86,11.66,1.87,0.5,"425,875",8.72,49.77,41.51,100,100,15.46,82.6,1.95,15.46,79.39,5.16,65.99,60.4,60.7,66.38,82.88
Serdang Bedagai,45.88,7.44,0.89,0.21,"503,955",14.33,58.08,27.58,100,97.17,46.66,30.6,22.74,46.66,33.21,20.13,63.46,57.59,57.8,100,86.87
Batu Bara,49.18,11.38,1.51,0.36,"556,529",10.77,59.75,29.48,99.41,89.32,45.89,26.56,27.55,45.89,26.25,27.87,60.76,54.76,55.09,100,95.6
Padang Lawas Utara,26.17,8.79,1.14,0.24,"467,457",2.97,57.9,39.13,100,100,21.14,64.76,14.11,21.14,72.76,6.11,71.63,59.4,59.93,78.02,57.12
Padang Lawas,24.51,7.89,1.44,0.42,"449,217",8.53,58.31,33.16,100,80.8,26.75,64.13,9.12,26.75,48.05,25.2,68.13,59.05,59.41,99.2,55.13
Labuhan Batu Selatan,29.83,8.06,0.94,0.18,"486,275",17.21,62.03,20.76,100,81.54,39.52,29.33,31.15,39.52,29.7,30.78,62.72,54.9,55.24,93.76,92.36
Labuhan Batu Utara,34.13,9.08,1.19,0.27,"573,783",13.86,53.96,32.18,96.34,97.13,46.75,27.88,25.37,46.75,28.18,25.06,66.51,56.47,56.95,95.91,85.73
Nias Utara,30.78,21.79,2.52,0.59,"501,443",29.74,47.57,22.69,99.28,98.38,28.47,65.24,6.29,28.47,59.47,12.05,63.79,61.14,61.48,68.58,65.46
Nias Barat,18.86,22.81,2.08,0.34,"520,543",40.79,40.69,18.52,99.26,100,25.57,69.37,5.07,25.57,63.91,10.52,59.36,57.13,57.46,65.42,66.65
Kota Sibolga,10.02,11.42,1.49,0.29,"568,188",15.79,45.1,39.11,94.58,100,47.43,23.65,28.92,47.43,8.57,44,62.39,56.65,56.98,95.76,100
Kota Tanjung Balai,22.45,12.21,1.34,0.25,"554,065",8.17,58.28,33.55,100,100,42.41,20.64,36.95,42.41,11.03,46.56,64.72,59.5,59.84,89.69,95.65
Kota Pematang Siantar,18.96,7.24,1,0.2,"670,183",8.33,37.03,54.64,100,100,47.6,23.8,28.61,47.6,-,52.4,59.11,52.03,52.21,100,100
Kota Tebing Tinggi,16.36,9.49,1.49,0.35,"623,531",6.92,44.6,48.49,100,100,39.53,34.06,26.41,39.53,4.61,55.86,59.88,51.67,51.98,100,100
Kota Medan,187.28,8,0.92,0.19,"651,901",6.42,46.14,47.43,100,100,41.28,26.78,31.94,41.28,2.27,56.45,59.17,44.18,44.61,97.17,100
Kota Binjai,13.85,4.79,0.48,0.06,"538,638",5.5,41.53,52.97,100,100,42.92,33.75,23.33,42.92,12.98,44.09,62.9,49.55,49.8,100,100
Kota Padangsidimpuan,16.15,6.85,0.87,0.17,"523,244",11.55,46.58,41.87,100,89.68,42.3,28.04,29.65,42.3,13.8,43.89,65.08,53.58,53.93,36.33,73.13
Kota Gunungsitoli,22.03,14.78,2.08,0.46,"459,787",19.84,41.75,38.41,98.23,100,40.71,53.82,5.47,40.71,45.91,13.38,59.84,51.02,51.59,69.57,96.55
Kepulauan Mentawai,13.76,13.72,1.98,0.48,"421,113",37.5,51.56,10.94,100,90.98,27.26,71.88,0.86,27.26,66.12,6.62,64.47,58.99,59.35,41.42,63.68
Pesisir Selatan,35.09,7.34,0.9,0.16,"554,057",15.4,47.43,37.17,100,100,49.08,34.57,16.34,49.08,34.18,16.74,62.91,55.33,55.58,84.22,84.55
Solok,27.33,7.13,0.93,0.19,"532,900",23.16,57.3,19.54,100,89.97,44.28,48.55,7.17,44.28,47,8.71,67.34,59,59.28,82.31,70.02
Sijunjung,15.02,5.88,0.85,0.21,"529,460",34.46,48.29,17.26,100,100,34.18,53.52,12.31,34.18,45.02,20.81,65.7,52.36,52.7,26.83,56.86
Tanah Datar,14.57,4.16,0.4,0.06,"515,587",22.81,44.38,32.81,100,33.83,37.3,54.16,8.54,37.3,30.87,31.82,63.58,53.06,53.25,88.89,89.29
Padang Pariaman,26.93,6.34,0.74,0.18,"548,147",18.9,51.54,29.56,100,100,53.31,38.53,8.16,53.31,21.35,25.34,63,54.94,55.16,83.97,66.09
Agam,33.41,6.6,0.75,0.13,"530,290",21.3,44.94,33.76,100,100,25.66,58.68,15.66,25.66,50.37,23.97,59.48,57.14,57.21,89.51,93.92
Lima Puluh Kota,27.02,6.8,1.07,0.24,"553,068",32.27,46.66,21.07,100,100,35.88,58.11,6,35.88,40.71,23.41,64.8,57.44,57.69,43.64,47.27
Pasaman,19.99,6.8,0.73,0.13,"472,703",27.01,54.39,18.6,100,87.52,44.22,48.27,7.51,44.22,41.72,14.07,62.52,56.61,56.81,63.34,54.33
Solok Selatan,11.91,6.45,1.1,0.28,"516,004",9.57,56.72,33.71,100,100,40.93,56.84,2.23,40.93,42.46,16.6,61.39,55.48,55.63,82.42,83.59
Dharmasraya,15.49,5.56,0.42,0.06,"581,058",29.53,39.58,30.89,100,100,29.93,50.49,19.58,29.93,38.32,31.75,61.4,48.26,48.58,64.5,90.39
Pasaman Barat,33.52,6.92,0.98,0.25,"596,225",7.43,64.2,28.37,99.25,84.12,44.2,47.31,8.49,44.2,25.9,29.89,61.69,57.24,57.38,68.7,79.86
Kota Padang,41.97,4.17,0.44,0.08,"698,720",4.62,51.92,43.46,99.62,86.38,41.28,34.99,23.73,41.28,4.56,54.16,59.02,46.01,46.21,93.96,91.84
Kota Solok,2.35,3.05,0.19,0.02,"538,682",11.32,30.85,57.83,100,100,29.64,38.45,31.91,29.64,2.38,67.98,60.75,52.29,52.4,99,100
Kota Sawah Lunto,1.47,2.27,0.17,0.02,"487,610",17.88,45.71,36.41,73.58,65.22,46.45,42.18,11.38,46.45,26.96,26.59,57.97,50.15,50.21,63.77,100
Kota Padang Panjang,2.99,5.24,0.7,0.19,"599,681",17.31,30.59,52.1,100,100,59.37,16.5,24.13,59.37,1.34,39.28,56.58,49.2,49.37,100,100
Kota Bukittinggi,5.78,4.11,0.63,0.14,"619,896",8.11,50.41,41.48,100,100,44.59,5.33,50.08,44.59,1.03,54.39,58.29,50.64,50.77,100,96.48
Kota Payakumbuh,7.88,5.44,0.76,0.19,"616,357",13.02,44.23,42.75,100,92.93,36.59,32.68,30.73,36.59,17.96,45.46,59.43,48.3,48.53,96.38,85.01
Kota Pariaman,3.91,4.2,0.48,0.09,"576,455",11.94,54.57,33.49,96.11,87.66,46.28,21.36,32.36,46.28,7.65,46.07,61.82,54.63,54.75,95.21,93.39
Kuantan Singingi,26.1,8.07,1.17,0.25,"693,493",18.74,54.62,26.63,100,100,46.86,35.95,17.19,46.86,29.37,23.77,61.17,53.06,53.36,80.76,71.51
Indragiri Hulu,27.4,6.06,1.14,0.33,"626,671",28.85,52.7,18.45,100,82.25,43.42,38.05,18.53,43.42,47.04,9.54,59.09,51.99,52.16,43.37,55.85
Indragiri Hilir,40.86,5.64,0.68,0.13,"597,122",8.23,75.36,16.41,100,100,47.17,41.5,11.33,47.17,36.81,16.03,63.48,56.86,57.01,90.88,82.49
Pelalawan,45.3,8.15,1.05,0.28,"689,786",10.25,59.65,30.1,100,100,56.93,26.71,16.36,56.93,29.92,13.15,59.2,53.7,53.88,85.08,91.27
Siak,26.99,5.23,0.66,0.14,"558,867",4.87,52.12,43.01,100,63.53,32.18,34.34,33.49,32.18,17.45,50.37,56.94,48.61,48.77,100,93.63
Kampar,63.84,7.04,0.72,0.14,"547,696",12.28,45.28,42.44,100,81.2,49.15,30.01,20.83,49.15,23.13,27.71,61.49,52.1,52.35,97.63,100
Rokan Hulu,74.38,9.72,1.54,0.38,"647,599",7.23,66.09,26.68,100,95.96,54.34,11.83,33.83,54.34,31.52,14.14,61.58,55.04,55.33,75.24,90.75
Bengkalis,36.1,6.31,1.03,0.23,"713,826",16.5,52.12,31.38,100,100,50.26,25.17,24.57,50.26,18.14,31.6,62.22,56.49,56.63,88.35,93.33
Rokan Hilir,53.04,7.07,1.22,0.29,"511,610",18.54,54.03,27.44,100,94.54,58.52,28.27,13.21,58.52,21.46,20.01,55.78,51.49,51.6,70.19,99.79
Kepulauan Meranti,43.82,22.98,3.86,1.06,"623,576",27.72,51.04,21.23,97.8,80.66,45.78,28.61,25.61,45.78,30.73,23.49,60.23,52.02,53.03,89.78,93.53
Kota Pekanbaru,37.67,3.16,0.38,0.09,"712,000",1.04,41.79,57.17,100,100,57.67,12.38,29.95,57.67,-,42.33,51.45,42.78,42.86,100,100
Kota Dumai,10.15,3.21,0.36,0.06,"601,348",12.14,64.84,23.02,100,58.28,54.55,12,33.46,54.55,7.26,38.2,59.37,47.76,47.89,73.39,86.53
Kerinci,18.21,7.54,1.08,0.27,"485,838",18.11,39.09,42.79,100,88.28,45.83,44.24,9.92,45.83,37.28,16.89,61.34,56.43,56.57,73.27,88.26
Merangin,35.19,8.9,1.02,0.21,"537,492",17.19,65.61,17.2,100,100,38.28,39.65,22.07,38.28,45.72,16,59.14,47.5,47.88,41.34,61.9
Sarolangun,26.77,8.54,1.49,0.46,"545,939",32.18,50.97,16.84,98.43,66.98,46.84,41.24,11.92,46.84,39.16,14,63.28,47.38,47.85,33.17,49.25
Batang Hari,25.88,9.45,1.19,0.24,"540,168",13.58,63.1,23.32,97.39,88.55,50.69,22.07,27.24,50.69,34.93,14.39,57.76,50.59,50.84,67.29,80.56
Muaro Jambi,20.83,4.43,0.62,0.13,"535,244",8.19,56.86,34.95,100,82.6,59.52,26.85,13.63,59.52,28.91,11.57,62.38,54.07,54.18,48.54,100
Tanjung Jabung Timur,23.33,10.85,1.7,0.44,"514,905",15.46,61.31,23.22,100,90.56,44.52,38.21,17.27,44.52,35.83,19.65,61.99,57.46,57.66,92.14,89.41
Tanjung Jabung Barat,33.61,9.79,1.47,0.44,"499,318",17.24,61.03,21.72,100,100,33.48,54.98,11.54,33.48,47.36,19.16,61.89,52.59,52.95,97.29,70.02
Tebo,23.47,6.46,0.93,0.17,"528,310",26.61,47.1,26.29,100,100,42.31,42.23,15.47,42.31,43.22,14.48,59.37,55.28,55.41,77.05,95.86
Bungo,20.65,5.29,0.59,0.11,"517,119",17.97,68.58,13.45,100,99.39,38.87,27.57,33.57,38.87,39.92,21.22,63,53.86,54.04,59.57,59.73
Kota Jambi,50.09,8.24,1.31,0.32,"667,447",3.87,50.28,45.86,100,84.43,44.27,19.54,36.2,44.27,2.74,52.99,56.61,42.75,43.13,95.67,100
Kota Sungai Penuh,2.66,3,0.51,0.13,"491,568",48.03,35.08,16.89,100,100,52.38,46.68,0.95,52.38,29.78,17.84,56.4,49.59,49.66,91.29,100
Ogan Komering Ulu,44.11,11.46,1.59,0.36,"548,200",31.06,48.49,20.45,100,73.9,38.58,56.25,5.17,38.58,39.83,21.59,66.87,51.32,52.06,70.86,68.34
Ogan Komering Ilir,114.48,13.15,2.91,0.83,"444,881",20.07,61.35,18.58,96.82,78.48,43.43,28.84,27.73,43.43,31.39,25.17,67.99,57.95,58.42,61.8,68.13
Muara Enim,73.24,10.93,1.92,0.46,"467,396",23.31,58.46,18.23,100,96.17,41.13,45.25,13.61,41.13,37.74,21.13,60.74,52.44,52.8,68.85,67.97
Lahat,63.36,15,2.49,0.63,"547,203",26.22,49.72,24.06,97.94,97.08,35.97,56.23,7.8,35.97,48.15,15.88,67.04,53.54,54.36,76.62,59.45
Musi Rawas,59.75,14.13,1.99,0.42,"564,151",17.87,61.66,20.47,100,84.32,33.72,47.68,18.6,33.72,44.79,21.49,65.16,57.9,58.38,80.98,92.55
Musi Banyuasin,101.63,14.9,1.77,0.34,"593,258",27.68,44,28.32,100,92.67,52.48,25.17,22.35,52.48,26.62,20.9,67.65,53.24,54.21,85.65,91.96
Banyu Asin,85.88,9.58,1.2,0.26,"509,264",18.86,61.62,19.52,100,89.87,42.58,35.18,22.24,42.58,38.88,18.54,69.51,59.66,60.06,77.94,89.01
Ogan Komering Ulu Selatan,39.3,10.36,1.86,0.58,"413,228",6.74,63.91,29.35,100,99.52,46.84,50.23,2.93,46.84,50.93,2.23,68.46,60.18,60.51,79.18,68.06
Ogan Komering Ulu Timur,69.91,9.99,0.92,0.15,"410,548",18.17,59.6,22.23,100,98.12,43,39.7,17.31,43,46.35,10.66,62.82,52.04,52.51,83.75,91.35
Ogan Ilir,59.33,13.28,1.48,0.3,"571,657",9.3,72.67,18.03,97.5,91.87,41.92,44.12,13.96,41.92,35.12,22.96,67.25,57.7,58.28,71.14,78.2
Empat Lawang,30.78,11.8,1.15,0.19,"411,191",13.74,56.37,29.89,100,84.14,36.67,54.71,8.62,36.67,46.6,16.73,61.99,57.45,57.65,62.06,71.48
Penukal Abab Lematang Ilir,21.723,10.91,0.985,0.14,"487,341",21.22,64.76,14.02,100,99.55,30.87,63.94,5.19,30.87,61.24,7.89,61,54.39,54.7,83.07,90.88
Musi Rawas Utara,36.68,18.26,3.33,0.86,"604,903",15.55,60.48,23.98,100,100,34.96,43.93,21.1,34.96,45.9,19.14,66.5,57.13,57.91,80.18,50.76
Kota Palembang,179.45,10.22,2.06,0.57,"643,356",7.36,48.28,44.36,100,100,49.31,28.12,22.56,49.31,0.81,49.88,60.07,46.98,47.39,96.3,96.99
Kota Prabumulih,22.33,11.23,1.48,0.27,"649,951",15,49.12,35.88,100,96.58,35.11,32.83,32.06,35.11,19.88,45.01,59.02,45.98,46.47,86.15,88.51
Kota Pagar Alam,12.73,8.88,1.11,0.24,"408,917",6.48,57.96,35.56,100,88.61,38.88,55.35,5.77,38.88,40.69,20.43,67.5,54.35,54.83,75.57,69.7
Kota Lubuklinggau,31.02,12.65,1.49,0.22,"583,867",21.46,51.78,26.76,100,100,51.41,21.54,27.05,51.41,13,35.59,60.6,48.63,49.16,98.47,83.56
Bengkulu Selatan,31.89,17.51,2.72,0.65,"467,762",22.66,43.97,33.37,100,100,41.68,45.7,12.62,41.68,41.51,16.81,61.26,49.67,50.55,70.7,96.61
Rejang Lebong,41.18,14.79,2.81,0.79,"566,433",18.02,49.3,32.68,96.9,98.22,31.07,55.96,12.97,31.07,43.71,25.23,61.49,54.37,54.83,63.96,86.61
Bengkulu Utara,35.26,11.29,1.33,0.26,"459,171",16.72,56.26,27.02,100,100,37.22,39.59,23.19,37.22,48.82,13.96,62.17,55.73,56.03,80.12,87.12
Kaur,22.45,17.83,3.64,1.05,"415,715",26.32,47.72,25.96,100,100,34.58,60.28,5.15,34.58,47.7,17.72,61.8,55.71,56.21,78.45,90.55
Seluma,36.32,18,4.04,1.15,"478,617",16.2,60.65,23.15,96.83,96.95,35.2,52.39,12.41,35.2,43.89,20.9,61.27,55.65,56.12,67.32,89.18
Mukomuko,20.7,10.76,1.54,0.39,"534,660",8.62,56.12,35.26,100,100,46.14,33.46,20.4,46.14,35.04,18.82,56.52,47.98,48.38,66.99,95.55
Lebong,13.23,11.15,1.45,0.31,"507,046",27.76,48.94,23.3,100,98.83,32.36,58.46,9.18,32.36,52.27,15.37,65.38,57.96,58.32,55.69,69.21
Kepahiang,20.32,14.12,1.87,0.42,"465,292",19.06,60.86,20.08,100,85.14,34.15,55.88,9.97,34.15,52.52,13.32,60.97,51.95,52.5,58.59,85.2
Bengkulu Tengah,11.01,9.4,1.39,0.3,"549,468",46.56,35.33,18.11,100,68.8,31.33,46.05,22.61,31.33,56.81,11.85,65.05,55.07,55.49,23.46,76.69
Kota Bengkulu,56.1,14.71,2.84,0.79,"810,507",8.31,41.84,49.85,99.42,100,42.31,33.61,24.08,42.31,6.94,50.75,55.34,40.95,41.75,86.54,100
Lampung Barat,34.73,11.17,2.34,0.8,"530,803",13.72,63.76,22.52,100,100,37.35,62.14,0.51,37.35,47.16,15.49,59.39,58.49,58.53,59.83,97.01
Tanggamus,65.18,10.52,1.21,0.24,"463,925",24.53,57.05,18.43,100,89.72,43.67,52.06,4.28,43.67,43.69,12.64,63.07,59.22,59.41,59.28,81.91
Lampung Selatan,133.67,12.79,2.16,0.55,"508,494",18.52,57.8,23.68,100,100,40.76,40.17,19.07,40.76,27.6,31.64,63.85,56.54,56.99,80.31,94.04
Lampung Timur,148.26,13.8,2.11,0.46,"465,856",17.8,54.09,28.1,98.15,100,46.29,41.67,12.04,46.29,37.17,16.54,56.77,52.15,52.42,84.12,97.2
Lampung Tengah,140.29,10.65,1.57,0.34,"503,645",21.08,55.67,23.24,100,91.99,36.38,55.01,8.61,36.38,37.19,26.43,59.21,54.52,54.73,76.79,96.17
Lampung Utara,107.21,17.17,2.37,0.57,"510,098",10.58,60.58,28.84,100,100,49.34,40.58,10.08,49.34,38.16,12.5,63.32,54.39,55.12,62.23,97.58
Way Kanan,51.26,11.02,1.85,0.42,"433,471",22.4,56.4,21.2,100,90.52,44.16,50.2,5.64,44.16,50.25,5.59,59.58,56.89,57.01,69.94,100
Tulangbawang,37.83,8.04,1.09,0.23,"522,396",33.99,35.17,30.84,100,91.39,49.42,29.05,21.53,49.42,23.69,26.89,59,52.89,53.1,84.25,96.69
Pesawaran,59.29,12.89,1.63,0.32,"491,249",18.18,53.28,28.55,98.64,87.97,40.87,47.78,11.36,40.87,35.36,23.78,61.45,57.05,57.29,84.14,90.98
Pringsewu,37.6,9.14,0.99,0.19,"555,787",21.72,55.37,22.91,100,83.63,45.58,36.97,17.46,45.58,29.29,25.14,59.24,51.97,52.24,94.24,97.79
Mesuji,13.71,6.73,1.18,0.26,"525,183",19.52,53.06,27.42,100,70.73,45.1,38.81,16.1,45.1,32.4,22.5,56.41,51.78,51.9,81.11,97.01
Tulang Bawang Barat,20.32,7.25,1.04,0.24,"511,418",18.57,65.39,16.04,100,82.54,54.96,30.73,14.31,54.96,33.43,11.61,58.56,52.92,53.08,61.69,96.33
Pesisir Barat,21.449,13.49,1.876,0.447,"545,538",11.57,60.82,27.61,100,89.03,40.27,52.02,7.71,40.27,44.68,15.05,57.63,54.23,54.43,50.34,68.69
Kota Bandar Lampung,87.08,7.77,1.16,0.27,"761,790",14.71,56.11,29.19,100,100,38.25,29.34,32.41,38.25,2.01,59.74,57.02,41.64,42.03,94.38,92.69
Kota Metro,12.8,7.28,1.12,0.24,"480,830",10.89,54.43,34.68,100,100,51.52,14.14,34.34,51.52,3.62,44.86,55.01,44.8,45.09,100,100
Bangka,14.87,4.32,0.35,0.04,"685,810",25.05,48.6,26.35,100,78.69,26.94,37.28,35.78,26.94,25.69,47.37,60.38,51.94,52.12,40.22,100
Belitung,12.51,6.46,1.02,0.2,"896,948",19.97,62.16,17.87,100,100,42.21,32.21,25.58,42.21,23.54,34.25,57.33,47.49,47.76,86.11,89.4
Bangka Barat,5.91,2.71,0.42,0.09,"681,517",32.57,57.31,10.12,100,66.91,50.68,18.58,30.74,50.68,29.07,20.25,54.76,53.01,53.03,52.26,66.73
Bangka Tengah,10.58,5.29,0.64,0.12,"814,969",44.42,46.2,9.39,100,100,53.5,11.73,34.77,53.5,18.21,28.29,59.13,55.17,55.27,89.68,92.56
Bangka Selatan,6.66,3.11,0.26,0.04,"669,016",31.98,58.52,9.5,84.89,100,55.27,21.44,23.29,55.27,24.47,20.26,57.58,55.7,55.73,64.65,84.69
Belitung Timur,8.89,6.73,0.91,0.23,"899,482",27.9,54.3,17.8,100,59.31,49.24,22.8,27.97,49.24,13.12,37.64,55.07,48.54,48.75,53.76,81.9
Kota Pangkal Pinang,9.27,4.27,0.62,0.17,"894,224",17.26,47.13,35.6,100,82.26,53.49,20.5,26.01,53.49,5.68,40.83,49.89,45.09,45.17,96.4,100
Karimun ,14.33,5.95,0.53,0.09,"468,332",17.57,65.54,16.89,96.65,100,45.38,29.67,24.95,45.38,11.36,43.26,58.74,48.87,49.11,76.76,100
Bintan,9.86,5.9,0.68,0.14,"474,674",18.75,47.64,33.61,100,100,42.76,18.8,38.43,42.76,12.36,44.88,55.57,48.94,49.09,84.59,93.83
Natuna,4.3,5.25,0.7,0.14,"480,103",15.64,47.19,37.17,100,100,44.5,37.27,18.23,44.5,20.02,35.48,53.43,49.65,49.72,92.93,87.3
Lingga,10.18,11.26,1.6,0.43,"540,936",30.74,55.5,13.76,98.1,100,42.79,30.43,26.78,42.79,23.45,33.76,57.99,47.68,48.19,80.41,79.24
Kepulauan Anambas,3.08,6.95,0.78,0.12,"481,718",28.86,41.98,29.16,100,100,51.47,18.79,29.75,51.47,18.11,30.43,54.44,48.39,48.53,18.58,99.21
Kota Batam,83.09,5.02,0.59,0.13,"854,465",9.84,53.54,36.62,93.31,100,44.27,31.59,24.15,44.27,19.53,36.21,56.41,41.74,41.96,69.53,100
Kota Tanjung Pinang,17.67,7.95,1.18,0.33,"771,584",7.35,45.15,47.5,100,98.95,47.43,25.43,27.14,47.43,6.68,45.9,53.51,42.97,43.27,84.34,100
Kepulauan Seribu,3.47,13.13,1.52,0.33,"743,820",24.16,46.27,29.58,100,100,47.91,27.96,24.13,47.91,13.99,38.1,65.64,59.11,59.52,88.2,92.16
Kota Jakarta Selatan,71.9,3.1,0.37,0.09,"891,580",10.9,38.6,50.49,100,89.08,48.02,28.71,23.26,48.02,-,51.98,50.95,37.92,38.01,100,85.48
Kota Jakarta Timur,124.22,4.2,0.76,0.2,"669,713",5.53,41.7,52.76,100,100,52.46,18.87,28.66,52.46,-,47.54,52.59,39.21,39.35,100,94.09
Kota Jakarta Pusat,42.78,4.68,0.66,0.18,"784,679",8.14,32.55,59.31,100,100,58.65,12.78,28.57,58.65,-,41.35,57.18,42.59,42.81,100,89.23
Kota Jakarta Barat,109.49,4.09,0.59,0.12,"657,247",13.08,48.52,38.4,100,100,60.03,15.88,24.09,60.03,-,39.97,55.65,35.85,36.05,97.75,76.39
Kota Jakarta Utara,125.98,6.78,1.3,0.39,"684,557",19.6,48.09,32.32,100,100,53.64,25.15,21.21,53.64,1.05,45.3,57.43,35.77,36.11,95.41,94.36
Bogor,453.76,7.27,0.97,0.21,"482,174",13.76,68.92,17.32,99.73,100,53.97,26.37,19.66,53.97,8.11,37.92,66.26,52.42,52.75,88.46,92.01
Sukabumi,178.71,7.01,1.01,0.23,"392,705",13.69,73.8,12.51,100,94.85,52.64,28.12,19.24,52.64,21.85,25.51,65.69,56.22,56.44,87.08,82.92
Cianjur,240.06,10.22,1.29,0.26,"437,327",24.42,62.76,12.82,99.24,88.51,48.49,38.09,13.42,48.49,25.2,26.31,64.14,59.32,59.52,88.62,79.79
Bandung,245.49,6.4,1.1,0.29,"426,069",10.25,63.91,25.84,100,94.99,50.81,22.03,27.16,50.81,5.09,44.1,62.56,50.62,50.88,98.6,97.63
Garut,260.48,9.77,1.17,0.23,"367,681",13.03,71.91,15.06,100,82.89,47.3,35.97,16.73,47.3,25.65,27.05,69.38,56.14,56.64,87.69,88.86
Tasikmalaya,186.87,10.28,1.61,0.42,"378,958",8.54,79.56,11.9,100,94.04,42.17,38.97,18.86,42.17,32.83,25,66.67,55.42,55.79,79.46,79.6
Ciamis,90.84,7.42,0.9,0.17,"442,108",9.45,76.61,13.94,100,88.04,41.4,37.27,21.33,41.4,29.13,29.47,69.57,55.8,56.18,100,94.13
Kuningan,133.88,12.12,1.87,0.42,"402,767",10.28,73.64,16.07,100,100,49.34,30.86,19.81,49.34,19.38,31.28,64.96,54.14,54.64,97.88,94.55
Cirebon,249.18,11.2,1.98,0.53,"451,853",19.9,61.45,18.66,98.14,89.56,57.9,32.2,9.9,57.9,11.61,30.5,67.36,54.39,54.92,98.3,89.08
Majalengka,138.74,11.21,1.34,0.26,"520,713",17.45,69.07,13.47,100,77.57,50.41,34.45,15.14,50.41,27.83,21.75,62.82,54.14,54.51,94.11,91.35
Sumedang,111.39,9.36,1.64,0.35,"396,573",5.7,69.85,24.44,100,76.98,44.62,47.94,7.44,44.62,27.09,28.29,65.28,53.16,53.51,89.85,83.05
Indramayu,214.74,12.13,2.2,0.62,"532,545",29.56,50.4,20.03,100,82.54,49.93,34.17,15.9,49.93,24.59,25.48,63.87,58.44,58.68,96.2,96.82
Subang,152.33,9.52,1.9,0.55,"404,320",22.19,58.1,19.71,100,81.94,38.62,42.27,19.11,38.62,27.71,33.67,61.85,55.43,55.63,99.07,94.31
Purwakarta,81.54,8.46,1.48,0.36,"434,187",21.4,58.84,19.75,100,100,51.1,32.38,16.52,51.1,14.26,34.64,62.73,53.35,53.6,82.3,85.61
Karawang,187.23,7.87,1.06,0.22,"555,889",10.64,75.66,13.7,100,98.36,51.84,33.45,14.7,51.84,16.9,31.25,60.54,51.39,51.58,96.77,69.72
Bekasi,204.09,4.93,0.82,0.2,"632,811",8.5,70.42,21.08,100,91.45,43.02,37.2,19.77,43.02,5.67,51.31,58.37,46.76,46.89,92.58,95.13
Bandung Barat,179.43,10.52,1.54,0.34,"426,355",7.93,74.49,17.59,100,95.58,52.47,27.35,20.18,52.47,14.38,33.15,65.25,53.35,53.78,91.11,92.94
Pangandaran,36.7,8.98,1.278,0.274,"447,242",12.86,74.63,12.51,100,100,31.97,55.74,12.3,31.97,30.07,37.97,67.55,55.3,55.72,92.58,94.76
Kota Bogor,74.95,6.67,0.99,0.2,"661,384",4.99,62.62,32.38,100,63.05,44.57,19.16,36.28,44.57,-,55.43,61.07,34.48,34.78,100,97.5
Kota Sukabumi,24.96,7.5,1.21,0.31,"644,276",4.27,55.01,40.72,98.76,100,55.71,29.26,15.03,55.71,6.97,37.32,64.59,38.43,38.86,92.51,94.79
Kota Bandung,102.8,3.96,0.59,0.15,"591,124",-,72.45,27.55,93.82,82.89,54.74,10.59,34.67,54.74,-,45.26,62.9,39.75,39.91,99.9,81.31
Kota Cirebon,29.49,9.16,1.29,0.29,"520,579",16.1,60.57,23.33,100,100,40.22,32.16,27.62,40.22,3.77,56,64.89,42.64,43.11,100,96.42
Kota Bekasi,129.4,4.1,0.63,0.13,"795,965",1.96,38.3,59.75,95.62,99,53.35,26.17,20.48,53.35,0.05,46.6,51.72,39.47,39.57,100,97.43
Kota Depok,61.95,2.38,0.24,0.03,"804,984",7.66,58.89,33.45,100,65.82,33.61,30.6,35.78,33.61,-,66.39,61.25,40.99,41.08,100,100
Kota Cimahi,28.56,4.66,0.54,0.1,"590,197",4.02,54.46,41.52,100,100,58.02,27.08,14.9,58.02,5.69,36.29,61.07,42.21,42.44,92.01,100
Kota Tasikmalaya,79.37,11.53,1.62,0.32,"537,497",8.77,72.18,19.04,97.92,89.68,45.4,22.09,32.5,45.4,6.12,48.48,69.14,48.45,49.24,86.03,78.64
Kota Banjar,11.66,6.14,0.68,0.12,"408,710",11.17,64.46,24.37,100,100,44.64,23.08,32.27,44.64,9.21,46.15,68.16,52.33,52.7,95.03,86.94
Cilacap,191,10.99,1.54,0.35,"419,429",30.84,55.84,13.32,98.53,91.94,47.64,42.17,10.19,47.64,25.31,27.05,63.99,51.45,51.94,80.52,83.18
Banyumas,216.5,12.53,1.78,0.41,"479,027",20.16,60.82,19.02,97.69,92.97,42.56,37.8,19.64,42.56,14.91,42.53,58.75,48.54,48.94,90.63,91.63
Purbalingga,143.41,14.99,2.52,0.58,"439,208",30.94,58.85,10.21,100,88.41,36.3,40.32,23.38,36.3,26.91,36.79,64.7,50.34,51.2,70.19,88.36
Banjarnegara,138.99,14.9,2.34,0.56,"380,046",34.24,51.78,13.98,100,94.18,34.23,48.21,17.56,34.23,35.58,30.19,57.91,51.41,51.75,88.98,91.14
Kebumen,195.45,16.34,2.89,0.75,"451,678",23.66,59.08,17.26,98.59,97.38,34.22,51.34,14.44,34.22,36.4,29.38,58.46,50.8,51.29,80.21,94.89
Purworejo,81.28,11.33,1.78,0.43,"427,622",24.52,43.12,32.36,100,85.83,38.01,48.29,13.7,38.01,29.61,32.38,59.81,50.95,51.34,93.85,94.48
Wonosobo,123.7,15.58,2.6,0.63,"425,105",32.59,58.68,8.73,100,73.74,34.94,53.12,11.94,34.94,39.74,25.32,61.81,52.78,53.3,97.95,86.21
Magelang,144.49,10.96,1.73,0.41,"411,129",25.52,53.48,21,100,100,35.82,49.41,14.78,35.82,35.49,28.69,58.97,50.16,50.48,92.14,90.61
Boyolali,97.48,9.81,1.02,0.18,"420,339",35.65,43.12,21.22,98.79,100,33.49,51.41,15.1,33.49,42.89,23.62,56.2,48.46,48.72,89.78,84.85
Klaten,144.43,12.28,1.7,0.38,"488,102",19.5,45.54,34.96,100,100,43.89,29.78,26.34,43.89,10.51,45.61,57.86,43.05,43.65,100,93.77
Sukoharjo,68.79,7.58,1.17,0.31,"476,675",14.2,47.88,37.92,100,100,45.41,25.33,29.26,45.41,8.46,46.13,57.45,42.61,42.92,100,92.4
Wonogiri,104.82,10.94,1.32,0.25,"414,901",17.32,61.82,20.86,96.36,79.54,26.28,63.43,10.29,26.28,48.67,25.04,62.21,49.69,50.16,98.13,98.22
Karanganyar,88.64,9.79,1.22,0.24,"465,703",15.91,52.63,31.46,100,93.1,39.87,34,26.13,39.87,21.31,38.82,58.81,45.38,45.82,99,96.79
Sragen,114.62,12.87,2.15,0.54,"426,482",18.83,48.28,32.89,98.33,87.38,42.58,36.12,21.3,42.58,31.09,26.32,61.4,51.49,51.98,98.62,96.64
Grobogan,162.52,11.72,1.48,0.28,"464,614",18.19,60.58,21.24,100,100,28.32,52.67,19,28.32,29.59,42.09,63.25,55.82,56.15,90.67,96.85
Blora,99.61,11.49,1.35,0.25,"425,135",24.23,51.76,24.01,100,92.5,24.69,60.5,14.81,24.69,49.27,26.04,60.89,52.06,52.44,85.52,94.59
Rembang,91.97,14.17,2.52,0.73,"477,514",20.39,55.71,23.9,96.46,100,42.15,34.97,22.88,42.15,25.04,32.81,59.53,53.2,53.55,91.39,88.26
Pati,118.18,9.31,1.64,0.42,"532,545",33.2,47.5,19.3,100,100,42.45,34.27,23.28,42.45,29.3,28.26,59.54,50.72,51.01,96.44,96.26
Kudus,65.16,7.24,0.99,0.22,"520,830",10.27,57.94,31.79,98.3,100,49.32,24.02,26.66,49.32,5.43,45.24,54.54,47.21,47.37,89.96,100
Jepara,86.75,6.61,1.01,0.26,"479,131",18.83,63.75,17.42,100,100,42.41,29.6,27.99,42.41,14.14,43.45,58.5,53.9,54,86.31,91.97
Demak,143.26,12.01,1.83,0.43,"511,145",11.01,58.88,30.11,97.43,100,47.12,38.58,14.3,47.12,18.79,34.08,63.6,53.08,53.59,81.94,96.22
Semarang,78.35,7.17,0.82,0.16,"498,952",28.72,54.91,16.37,100,100,36.66,38.59,24.74,36.66,23.9,39.44,61.07,47.95,48.22,96.12,96.22
Temanggung,72.96,9.26,0.99,0.17,"388,369",24.72,65.07,10.21,94.56,81.91,37.33,47.65,15.02,37.33,39.64,23.03,61.59,48.55,48.98,99.12,95.07
Kendal,92.64,9.39,1.19,0.25,"465,936",28.53,57,14.47,100,81.73,43.18,41.37,15.45,43.18,32.28,24.53,58.46,48.74,49.01,100,88.85
Batang,69.97,8.92,1.85,0.6,"378,858",28.32,59.62,12.06,100,81.08,38.88,39.67,21.45,38.88,27.71,33.41,59.37,52.03,52.24,95.33,96.7
Pekalongan,87.93,9.67,1.3,0.31,"480,934",24.58,57.05,18.37,100,89.85,36,37.48,26.52,36,15.06,48.94,61.67,53.39,53.7,97.5,93.96
Pemalang,195.57,15.03,2.4,0.6,"467,204",26.62,56.8,16.58,97.87,85.91,39.55,41.57,18.89,39.55,19.98,40.47,63.01,55,55.47,96.06,89.18
Tegal,105.03,7.3,0.88,0.17,"470,728",25.01,58.04,16.95,100,100,46.89,28.84,24.26,46.89,16.74,36.36,63.84,52.97,53.25,100,97.87
Brebes,286.14,15.78,2.98,0.87,"513,339",29.92,53.65,16.43,98.88,100,41.7,47.4,10.9,41.7,33.25,25.05,60.28,53.84,54.24,92.39,84.2
Kota Magelang,7.45,6.11,0.74,0.12,"602,794",6.21,51.11,42.68,100,100,58.27,9.77,31.95,58.27,3.02,38.7,53.65,43.01,43.19,100,90.82
Kota Surakarta,43.89,8.44,1,0.2,"600,953",9.99,51.08,38.93,99.83,100,45.08,26.2,28.72,45.08,-,54.92,60.52,43.52,43.99,97.18,84.89
Kota Salatiga,9.41,4.66,0.75,0.17,"565,031",12.34,43.26,44.4,100,100,34.61,18.88,46.51,34.61,0.77,64.63,52.18,39.2,39.34,100,100
Kota Semarang,80.53,4.23,0.54,0.1,"642,456",15.77,52.15,32.08,100,100,45.84,19.75,34.41,45.84,-,54.16,56.04,39.27,39.44,100,90.15
Kota Pekalongan,21.36,6.81,0.82,0.21,"565,998",16.96,62.38,20.66,100,83.08,41.53,18.83,39.64,41.53,-,58.47,60.49,51.4,51.65,95.13,93.01
Kota Tegal,19.22,7.68,0.86,0.13,"623,617",6.38,43.91,49.71,100,85.55,53.65,18.59,27.76,53.65,1.84,44.51,57.87,47.04,47.28,100,100
Kulon Progo,70.74,15.64,2.54,0.61,"416,870",26.59,42.87,30.54,100,100,26.76,54.81,18.43,26.76,33.49,39.76,58.33,42.76,43.66,79.22,100
Bantul,128.51,11.96,1.79,0.44,"488,340",27.59,35.62,36.79,100,97.86,37.4,31.46,31.14,37.4,11.93,50.68,57.91,40.29,40.88,96.36,99.79
Gunung Kidul,122.24,15.6,2.71,0.6,"382,249",30.3,54.01,15.69,100,100,36.29,44.87,18.84,36.29,34.73,28.97,58.58,49.97,50.53,97.96,97.6
Sleman,97.5,7.52,1.34,0.32,"491,652",18.46,39,42.54,100,99.04,39.18,33.32,27.5,39.18,10.68,50.14,63.66,40.54,40.99,90.48,99.63
Kota Yogyakarta,29.48,6.49,0.86,0.18,"662,267",14.06,39.27,46.67,100,100,40.35,21.55,38.1,40.35,1.33,58.32,56.25,36.41,36.69,100,84.94
Pacitan,76.2,13.65,1.73,0.32,"352,606",15.98,63.39,20.63,100,81.16,34.2,44.04,21.76,34.2,44.84,20.96,61.64,51.54,52.09,74.13,98.64
Ponorogo,83.71,9.53,1.12,0.2,"395,069",33.85,51.88,14.27,100,83.62,29.57,66.29,4.14,29.57,55.82,14.61,61.72,48.61,49.06,82.67,90.44
Trenggalek,74.58,10.63,1.26,0.21,"411,527",19.79,65.97,14.24,100,100,33.54,60.29,6.17,33.54,50.06,16.4,62.33,51.83,52.28,86.11,96.73
Tulungagung,68.81,6.53,0.94,0.17,"423,875",8.82,71.27,19.91,100,91.59,32.55,55.45,12,32.55,40.08,27.37,60.99,50.15,50.41,100,90.97
Blitar,101.94,8.69,1.21,0.24,"387,733",32.61,50.19,17.2,87.7,100,44.44,42.9,12.66,44.44,35.64,19.93,62.07,48.82,49.24,93.46,93.09
Kediri,171.18,10.72,1.52,0.34,"385,874",22.82,49.98,27.2,97.4,100,41.1,33.6,25.29,41.1,28.53,30.36,64.75,54.98,55.4,92.75,91.4
Malang,251.36,9.45,0.98,0.17,"399,647",20.37,61.59,18.04,100,94.37,45.48,32.7,21.82,45.48,26.7,27.82,65.05,51.19,51.63,97.84,91.81
Lumajang,93.82,8.93,1.41,0.3,"386,995",19.7,57.26,23.04,100,100,42.57,42.98,14.45,42.57,24.09,33.35,67.04,54.21,54.61,92.93,78.31
Jember,236.46,9.51,1.17,0.22,"441,171",33.36,52.14,14.5,96.76,87,46.09,38.61,15.29,46.09,28.24,25.67,66.79,53.53,54.01,96.74,56.1
Banyuwangi,119.52,7.34,0.89,0.18,"448,928",26.66,49.52,23.83,100,100,38.71,43.3,17.99,38.71,28.77,32.52,57.14,49.12,49.3,92.34,74.72
Bondowoso,105.13,13.34,2.06,0.51,"494,000",48.8,38.62,12.58,97.9,91.15,34.62,55.06,10.33,34.62,41.19,24.19,65.84,52.88,53.56,93.8,55.24
Situbondo,82.62,11.9,1.59,0.3,"396,587",39.4,43.13,17.46,100,76.21,37.99,48.79,13.22,37.99,37.42,24.59,69.2,53.97,54.76,92.03,58.26
Probolinggo,205.02,17.19,2.87,0.7,"514,274",38.57,49.8,11.63,100,100,42.4,45.93,11.68,42.4,43.24,14.36,63.1,55.76,56.31,98.28,77.27
Pasuruan,154.09,9.24,1.22,0.26,"429,624",30.79,45.62,23.59,100,100,44.47,38.08,17.45,44.47,23.7,31.82,68.28,53.07,53.56,93.65,92.55
Sidoarjo,119.15,5,0.72,0.16,"571,696",6.74,56.02,37.24,97.68,100,39,21.53,39.47,39,5.31,55.68,53.69,42.3,42.47,95.9,93.69
Mojokerto,112.86,9.8,1.73,0.4,"486,520",17.62,55.12,27.26,100,100,39.52,32.5,27.98,39.52,17.45,43.03,62.8,54.28,54.57,100,95.2
Jombang,117.36,9.15,1.15,0.24,"488,754",12.36,58.19,29.44,100,94.81,43.37,32.44,24.19,43.37,12.84,43.79,60.41,52.39,52.67,98.31,97.46
Nganjuk,115.86,10.89,1.48,0.31,"513,565",21.56,51.02,27.42,100,99.4,43.01,44.96,12.02,43.01,34.8,22.19,59.2,52.39,52.69,97.16,96.07
Madiun,75.87,11.04,1.47,0.31,"437,296",24.91,57.6,17.49,100,100,43.57,46.38,10.05,43.57,38.17,18.27,63.46,51.85,52.32,94.95,96.61
Magetan,62.49,9.8,1.11,0.19,"431,203",14.01,60.22,25.78,97.5,88.15,31.17,56.38,12.45,31.17,38.87,29.97,59.82,47.47,47.9,99.43,93.39
Ngawi,121.3,14.4,2.29,0.56,"413,947",22.3,53.26,24.43,100,100,34.45,53.72,11.83,34.45,41,24.55,62.2,54.84,55.27,99.38,97.91
Bojonegoro,153.25,12.18,1.94,0.49,"435,936",27.33,53.44,19.24,95.65,96.92,44.81,43.31,11.88,44.81,35.26,19.92,62.66,55.36,55.75,100,93.38
Tuban,177.25,14.91,1.95,0.42,"454,336",23.34,57.4,19.27,100,94.65,41.59,44.08,14.34,41.59,30.82,27.6,62.45,53.3,53.87,96.21,88.66
Lamongan,149.94,12.42,1.73,0.38,"481,969",17.75,47.62,34.63,100,100,41.83,37.37,20.8,41.83,28.01,30.16,61.94,53.4,53.85,82.62,98.73
Gresik,149.75,10.96,1.63,0.38,"588,316",8.3,51.32,40.38,100,84.63,39.89,29.63,30.48,39.89,15.46,44.65,55.66,49.48,49.74,95.01,99.49
Bangkalan,196.66,19.35,3.25,0.82,"503,207",21.81,62.74,15.45,100,88.29,28.14,57.25,14.61,28.14,51.88,19.98,66.57,62.14,62.52,95,87.68
Sampang,221.71,21.76,2.84,0.57,"454,716",35.77,51.41,12.82,99.27,94.55,33.67,64.2,2.13,33.67,57.61,8.71,63.7,61.36,61.64,94.26,95.81
Pamekasan,126.43,13.85,1.48,0.24,"431,127",27.41,42.97,29.61,100,100,40,48.59,11.4,40,43.48,16.51,62.69,56.04,56.43,100,98.58
Sumenep,206.1,18.7,4.51,1.42,"471,860",37.53,42.9,19.57,99.74,98.52,34.27,52.6,13.13,34.27,47.08,18.64,66.4,62.03,62.38,98.84,88.45
Kota Kediri,21.03,7.15,1.08,0.23,"587,723",3.41,55.13,41.46,96.32,100,43.28,29.6,27.12,43.28,0.69,56.03,55.35,40.92,41.25,95.56,93.81
Kota Blitar,10.61,7.3,0.81,0.12,"568,280",20.36,44.96,34.68,100,91.01,36.86,37.88,25.26,36.86,13.4,49.74,57.44,43.02,43.38,100,92.65
Kota Malang,37.78,4.26,0.76,0.18,"674,660",5.98,48.81,45.2,100,100,44.01,19.62,36.37,44.01,-,55.99,58.16,37.1,37.34,100,87.87
Kota Probolinggo,15.86,6.48,1.13,0.24,"628,380",22.93,42.21,34.86,100,100,37.26,33.66,29.08,37.26,18.66,44.08,56.54,39.3,39.69,100,86.35
Kota Pasuruan,13.56,6.6,1.26,0.33,"529,512",5.05,53.99,40.96,100,100,46.93,21.36,31.71,46.93,2.6,50.47,59.92,48.5,48.73,100,87.5
Kota Mojokerto,7.65,5.77,0.78,0.16,"581,006",10.21,54.19,35.59,100,100,58,16.34,25.66,58,3.42,38.58,57.06,44.58,44.83,100,95.95
Kota Madiun,8.46,4.74,0.65,0.16,"605,131",11.2,37.99,50.81,100,100,46.06,31.65,22.28,46.06,2.71,51.22,54.35,41.47,41.63,100,100
Kota Surabaya,136.37,4.65,0.71,0.16,"718,370",13.17,49.55,37.28,94.1,100,40.97,21.03,38,40.97,-,59.03,55.98,38.6,38.79,92.21,97.71
Kota Batu,7.1,3.31,0.35,0.06,"613,985",5.41,54.63,39.96,100,100,38.67,44.6,16.73,38.67,28.2,33.13,56.65,45.1,45.24,100,100
Pandeglang,114.23,9.27,1.56,0.38,"455,297",15.02,74.52,10.46,100,100,47.63,40.28,12.09,47.63,22.35,30.01,62.75,59.71,59.84,71.81,68.91
Lebak,114.54,8.68,1.73,0.51,"419,066",17.41,71.14,11.45,100,67.69,51.61,34.24,14.16,51.61,24.07,24.32,59.52,63.96,63.82,74.56,66.54
Tangerang,276.33,6.93,1.31,0.39,"604,362",16.44,56.26,27.3,100,100,55.6,27.47,16.94,55.6,7.17,37.24,57.53,52.31,52.43,90.79,89.65
Serang,73.83,4.85,0.67,0.15,"425,751",14.05,79.95,6.01,97.76,85.82,56.92,36.83,6.25,56.92,13.18,29.9,59.65,57.99,58.02,91.59,78.16
Kota Tangerang,137.7,5.89,0.88,0.19,"746,468",5.52,53.87,40.61,100,100,53.89,21.12,24.99,53.89,-,46.11,55.48,42.02,42.24,99.43,99.85
Kota Cilegon,18.2,3.98,0.48,0.1,"632,703",5.13,65.5,29.37,100,100,40.16,28.09,31.75,40.16,6.08,53.75,56.05,45.05,45.18,100,94.65
Kota Serang,44.99,6.2,0.75,0.16,"511,575",23.76,68.74,7.49,92.05,28.99,44.63,34.99,20.38,44.63,11.24,44.14,64.6,53.95,54.2,93.57,75.91
Kota Tangerang Selatan,46.31,2.57,0.45,0.12,"782,543",10.81,49.39,39.8,100,100,52.72,14.82,32.46,52.72,3.47,43.81,52.61,39.64,39.73,100,100
Jembrana ,14.12,4.96,0.38,0.04,"496,435",20.23,46.07,33.71,100,100,32.96,41.38,25.66,32.96,16.67,50.37,57.72,48.2,48.38,86.47,100
Tabanan,21.42,4.7,0.52,0.09,"562,801",17.29,48.03,34.69,100,69.01,42.61,25.79,31.6,42.61,18.96,38.43,52.26,42.01,42.16,99.29,99.29
Badung,17.01,2.3,0.11,0.01,"688,018",12.32,45.31,42.37,99.76,98.11,35.99,28.69,35.32,35.99,10.49,53.51,49.83,41.57,41.64,83.58,100
Gianyar,23.76,4.47,0.42,0.06,"468,307",22.84,35.7,41.46,100,100,34,29.18,36.83,34,19.53,46.47,49.05,36.91,37.1,100,100
Klungkung,10.22,5.61,0.58,0.09,"384,983",19.5,47.17,33.33,100,100,36.78,23.63,39.59,36.78,20.89,42.34,53.8,46.57,46.69,100,97.68
Bangli,12.24,5.28,0.75,0.17,"436,928",44.23,39.05,16.72,92.82,100,39.76,44.49,15.75,39.76,37.41,22.84,64.8,49.57,49.88,84.83,91.76
Karang Asem,27.83,6.56,0.62,0.09,"404,083",40.98,42.15,16.87,100,85.25,26.65,51.13,22.23,26.65,33.86,39.49,57.42,45.54,45.84,100,64.8
Buleleng,39.52,5.85,0.53,0.08,"537,262",20.09,54.58,25.33,100,99.35,28.86,47.12,24.02,28.86,30.64,40.5,60.85,48.57,48.85,97.26,92.92
Kota Denpasar,27.69,2.68,0.35,0.1,"778,203",10.35,52.93,36.72,100,100,47.23,19.41,33.36,47.23,5.15,47.63,57.83,38.46,38.6,100,100
Lombok Barat,102.71,13.67,1.78,0.4,"546,421",29.82,55.9,14.29,100,100,32.68,49.86,17.46,32.68,38.21,29.11,73.93,58.76,59.51,93.55,57.9
Lombok Tengah,129.74,12.93,2.12,0.52,"520,852",34.34,53.8,11.86,100,95.19,32.13,60.83,7.04,32.13,50.26,17.62,74.11,57.33,58.1,93.31,72.25
Lombok Timur,197.63,15.63,3.57,1.16,"546,404",18.23,54.72,27.06,100,100,43.82,43.12,13.06,43.82,30,26.18,71.72,59.48,60.26,99.95,90.16
Sumbawa,67.4,13.91,2.27,0.56,"441,977",12.52,61.7,25.78,100,86.83,35,54.79,10.21,35,49.14,15.86,68.13,51.38,51.96,98.62,84.41
Dompu,34.38,12.62,1.84,0.39,"442,451",18.72,48.76,32.52,100,95.92,43.48,42.47,14.05,43.48,37.03,19.49,70.63,57.3,57.94,96.59,71.55
Bima,74.74,14.39,2.19,0.49,"429,327",17.21,48.61,34.18,95.32,100,35.74,58.87,5.39,35.74,54.89,9.37,71.19,57.96,58.68,97.48,75.16
Sumbawa Barat,21.77,12.95,2.03,0.48,"565,599",15.87,53.8,30.33,100,97.49,39.84,38,22.16,39.84,26.76,33.4,75.04,54.67,55.62,94.06,97.31
Lombok Utara,60.13,25.8,4.44,1.24,"556,462",25.61,58.18,16.21,100,100,37.24,51.59,11.18,37.24,42.25,20.51,70.25,61.25,62.49,83.6,80.63
Kota Mataram,46.21,8.62,1.94,0.58,"616,536",20.63,47.99,31.38,100,100,43.18,31.71,25.11,43.18,8.31,48.51,74.05,46.87,47.44,100,85.74
Kota Bima,16.53,8.67,1.5,0.33,"471,841",19.93,46.17,33.9,99.82,100,51.48,33.77,14.74,51.48,14.37,34.15,69.39,51.3,51.69,100,89.63
Sumba Barat,37.15,27.17,6.92,2.3,"422,382",48.48,41.16,10.36,98.71,93.44,34.01,62.48,3.52,34.01,55.48,10.51,60.4,53.62,54.48,80.52,52.5
Sumba Timur,75.66,28.08,7.72,2.78,"443,502",35.68,42.37,21.96,97.82,98.32,29.17,61.42,9.41,29.17,47.6,23.23,61.98,51.27,52.5,62.34,73.12
Kupang,90.23,21.78,3.68,0.91,"471,901",24.37,59.82,15.81,94.68,86.42,36.42,59.05,4.53,36.42,54.66,8.92,68.56,51.58,53.16,71.51,95.72
Timor Tengah Selatan,119.51,25.18,5.78,1.72,"420,783",23.26,61.8,14.94,97.4,87.09,30.8,65.73,3.47,30.8,52.12,17.08,66.27,57.05,58.18,68.94,92.41
Timor Tengah Utara,57.19,21.85,3.71,0.9,"485,744",14.39,64.4,21.21,100,98.09,36.43,50.29,13.28,36.43,30.37,33.2,63.39,54.31,55.22,79.65,87.44
Belu,33.19,14.3,2.07,0.48,"459,111",38.6,50.34,11.06,98.36,92.63,40.45,48.52,11.03,40.45,41.21,18.33,61.59,55.52,55.89,88.83,94.28
Alor,41.91,19.97,2.82,0.63,"438,013",21.84,58.25,19.92,95.51,87.39,34.82,55.3,9.88,34.82,53.1,12.08,67.53,54.46,55.78,88.59,87.55
Lembata,37.94,24.78,4.56,1.19,"508,575",26.81,60.64,12.55,97.33,97.01,37.95,54.34,7.71,37.95,44.84,17.21,64.9,53.26,54.71,97.98,94.59
Flores Timur,30.93,11.77,1.74,0.37,"405,486",25.14,64.46,10.4,100,94.85,36.14,58.34,5.52,36.14,48.15,15.71,61.51,55.92,56.2,98.24,96.63
Sikka,40.81,12.56,1.58,0.29,"428,352",48.07,41.63,10.3,99.53,95.79,32.81,59.94,7.25,32.81,46.67,20.52,61.62,50.72,51.23,92.52,90.55
Ende,63.1,22.86,3.59,0.96,"518,939",29.16,51.56,19.28,96.28,89.39,27.22,65.02,7.76,27.22,53.66,19.12,64.47,52.51,53.89,98.53,82.9
Ngada,20.57,12.06,1.77,0.36,"477,840",15.47,70.25,14.27,96.92,97.26,39.11,51.67,9.22,39.11,44.68,16.2,62.12,54.5,54.83,97.9,91.86
Manggarai,70,19.69,4.63,1.48,"443,908",32.04,54.88,13.08,96.54,87.4,33.79,55.44,10.77,33.79,52.61,13.6,67.87,54.16,55.44,93.99,92.79
Rote Ndao,53.55,27.05,4.97,1.24,"410,491",24.56,60.13,15.3,99.14,90.7,36.44,57.19,6.37,36.44,50.48,13.08,61.38,52.48,53.64,78.63,91.97
Manggarai Barat,49.95,16.82,3.59,1.05,"444,474",17.31,72.31,10.38,95.95,91.28,22.96,67.29,9.75,22.96,68.9,8.15,62.87,53.09,53.84,72.86,84.2
Sumba Tengah,24.24,31.78,8.16,3.03,"362,089",43.43,44.32,12.25,98.52,93.22,37.41,59.06,3.53,37.41,57.11,5.48,62.43,55.58,56.59,48.85,64.28
Sumba Barat Daya,101.4,27.48,5.86,1.55,"475,879",38.16,46.38,15.46,95.21,96.33,28.54,67,4.47,28.54,54.72,16.75,67.67,61.89,62.65,78.73,71.04
Nagekeo,18.57,12.33,1.16,0.18,"472,041",22.93,56.74,20.34,96.79,100,42.42,46.38,11.2,42.42,42.65,14.93,64.27,54.57,55.03,100,92.88
Manggarai Timur,74.4,25.06,5.57,1.49,"446,504",11.6,72.81,15.59,100,97.1,25.55,70.92,3.53,25.55,66.27,8.17,68.31,61.57,62.43,81.03,93
Sabu Raijua,30.43,28.37,5.16,1.6,"526,831",30.81,52.51,16.68,100,97.86,44.73,49.01,6.26,44.73,39.29,15.98,65.36,57.18,58.39,55.44,86.02
Malaka,29.187,14.42,2.296,0.484,"458,399",30.62,52.39,16.99,93.19,86.12,41.88,53.52,4.6,41.88,43.81,14.31,64.4,52.65,53.32,74.16,75.93
Kota Kupang,41.2,8.61,1.07,0.22,"732,921",10.23,56.64,33.13,100,88.06,53.7,20.44,25.86,53.7,1.24,45.07,55.26,40.43,40.92,99.83,96.08
Sambas,38.71,7.08,1.1,0.26,"498,209",40.9,47.38,11.72,99.62,85.9,40.29,38.04,21.67,40.29,39.85,19.86,59.36,55.32,55.45,97.23,87.19
Bengkayang,16.87,6.28,0.98,0.26,"416,148",34.78,50.4,14.82,100,100,54.98,33.94,11.08,54.98,23.77,21.25,58.05,53.23,53.33,74.74,88.1
Landak,38.92,9.97,1.32,0.28,"451,681",27.79,51.28,20.93,100,100,35.07,44.66,20.28,35.07,56.34,8.59,63.04,57.37,57.64,61.38,75.44
Mempawah,14.15,5.21,0.52,0.08,"444,790",35.81,44.48,19.72,100,67.72,58.69,22.29,19.03,58.69,18.23,23.09,64.36,55.54,55.72,97.59,72.88
Sanggau,23.34,4.79,0.55,0.11,"416,112",31.56,56.31,12.14,100,43.35,44.15,40.05,15.81,44.15,48.1,7.76,60.55,50.3,50.46,99.16,89.43
Ketapang,49.95,9.25,1.84,0.5,"539,108",25.78,53.06,21.16,100,100,53.44,30.53,16.03,53.44,34.91,11.65,58.38,54.24,54.39,77.15,78.79
Sintang,35.49,8.18,1.16,0.31,"644,010",20.64,63.19,16.17,97.68,97.54,41.75,48.17,10.08,41.75,53.33,4.92,60.48,51.86,52.14,51.87,91.57
Kapuas Hulu,22.59,8.16,1.51,0.46,"543,301",28.93,53.84,17.23,100,70.3,32.18,60.2,7.62,32.18,47.93,19.89,59.41,58.16,58.19,48.18,86.96
Sekadau,12.09,5.9,0.91,0.19,"392,195",31.84,51.76,16.4,100,100,30.73,58.91,10.36,30.73,61.74,7.53,61.43,59.33,59.37,12.69,85.93
Melawi,24.18,11.12,2.47,0.83,"640,608",40.74,47.36,11.9,100,58.37,29.08,54.03,16.89,29.08,52.38,18.54,62.6,49.28,49.74,11.5,70.4
Kayong Utara,10.77,9.13,1.71,0.47,"365,262",47.69,40.95,11.36,91.32,94.36,46.63,36.39,16.98,46.63,40.3,13.07,59.54,51.96,52.21,100,75.88
Kubu Raya,25.33,4.23,0.56,0.15,"492,642",33.58,50.72,15.7,100,100,50.55,34.73,14.72,50.55,34.93,14.52,59.09,51.65,51.77,100,67.87
 Kota Pontianak,29.92,4.45,0.49,0.08,"677,512",21.66,53.14,25.2,91.71,95.46,56.27,22.93,20.8,56.27,-,43.73,54.88,42.46,42.65,98.45,100
 Kota Singkawang,11.06,4.7,0.74,0.18,"588,561",17.65,60.72,21.62,100,91.88,48.61,16.69,34.7,48.61,16.91,34.48,53.47,48.26,48.35,79.93,75.57
Kotawaringin Barat,13.44,4.18,0.55,0.13,"513,949",17.75,54.17,28.08,99.73,100,41.83,26.52,31.66,41.83,8.15,50.03,60.66,43.98,44.19,99.03,100
Kotawaringin Timur,26.57,5.69,0.75,0.15,"547,170",15.64,69.37,14.99,100,100,47.44,15.74,36.82,47.44,11.55,41.01,57.25,54,54.07,74.42,95.15
Kapuas,19.19,5.21,0.73,0.22,"485,958",19.05,63.65,17.31,100,95.54,41.73,35.65,22.63,41.73,39.75,18.52,63.12,55.06,55.22,32.59,93.49
Barito Selatan,6.66,4.72,0.41,0.06,"512,492",4.93,61.87,33.2,100,100,61.33,27.56,11.11,61.33,34.92,3.75,72.87,56.71,57.01,21.24,64.16
Barito Utara,7.14,5.35,0.57,0.13,"590,832",13.37,53.33,33.29,100,100,48.4,40.47,11.13,48.4,29.12,22.48,61.26,53.93,54.06,83.21,97.28
Sukamara,2.71,3.96,0.29,0.05,"648,534",17.61,68.36,14.02,100,100,38.42,36.98,24.6,38.42,44.92,16.66,56.75,52.16,52.22,96.4,94.42
Lamandau,2.63,3.12,0.33,0.07,"634,710",9.52,69.38,21.1,100,100,43.57,26.61,29.81,43.57,50.43,5.99,59.86,45.56,45.69,61.45,73.23
Seruyan,15.71,7.12,0.6,0.1,"608,186",36.99,48.52,14.49,96,84.51,42.23,34.34,23.43,42.23,40.88,16.89,62.86,55.07,55.32,93.87,49.99
Katingan,8.95,4.99,0.68,0.16,"589,596",7.87,68.56,23.57,100,100,46.67,24.27,29.06,46.67,21.29,32.04,64.21,58.18,58.3,99.76,83.34
Pulang Pisau,5.92,4.58,0.53,0.09,"507,058",18.76,59.11,22.13,100,100,41.15,41.13,17.72,41.15,32.96,25.89,66.17,55.33,55.54,74.34,89.29
Gunung Mas,6.55,5.47,0.49,0.06,"526,341",10.96,65.45,23.59,100,100,35.52,31.06,33.42,35.52,27.92,36.56,62.01,52.92,53.11,58.83,86.96
Barito Timur,8.59,6.63,0.75,0.16,"623,053",12.35,59.91,27.74,88.53,100,51.35,36.5,12.16,51.35,30.74,17.92,53.57,51.47,51.52,40.73,87.96
Murung Raya,7.81,6.44,0.9,0.17,"607,650",30.92,62.05,7.02,100,100,48.46,38.51,13.03,48.46,28.66,22.88,63.94,57.65,57.82,63.95,47.48
Kota Palangka Raya,10.31,3.44,0.27,0.04,"530,223",1.5,71.2,27.3,97.61,100,51.77,7.54,40.69,51.77,7.07,41.16,61.28,44.43,44.61,100,77.7
Tanah Laut,13.22,3.73,0.3,0.07,"620,532",26.02,53.32,20.66,100,50.89,49.05,34.01,16.94,49.05,33.21,17.74,56.68,53.81,53.85,44.4,100
Kota Baru,15.32,4.32,0.92,0.22,"556,962",28.79,65.27,5.94,100,60.59,68.74,16.93,14.32,68.74,21.95,9.31,57.73,52.31,52.37,58.49,45.08
Banjar,14.77,2.44,0.38,0.09,"561,521",36.99,46.61,16.41,100,100,46.94,46.26,6.8,46.94,37.27,15.79,52.66,52.11,52.11,43.91,91.15
Barito Kuala,14.71,4.6,1.14,0.4,"417,110",24.61,63.5,11.89,100,89,46.57,24.48,28.95,46.57,38.9,14.53,68.36,54.85,55.06,36.95,89.26
Tapin,6.22,3.19,0.31,0.08,"516,532",28,67.51,4.49,100,100,47.6,24.78,27.62,47.6,24.78,27.62,61.58,52.5,52.61,57.87,86.59
Hulu Sungai Selatan,9.61,4.01,0.69,0.21,"547,855",20.2,64.64,15.16,100,100,30.24,64.03,5.73,30.24,54.69,15.07,64.28,51.51,51.7,58.25,80.88
Hulu Sungai Tengah,16.01,5.84,0.63,0.14,"475,655",27,51.3,21.7,100,73.37,40.99,43.25,15.76,40.99,43.62,15.39,68.83,59.44,59.7,63.94,89.25
Hulu Sungai Utara,15.02,6.25,0.63,0.13,"561,429",16.52,65.51,17.97,100,99.22,47.2,41.34,11.45,47.2,11.54,41.26,56.16,52.77,52.87,67.68,93.2
Tabalong,15.15,5.77,0.46,0.09,"615,912",8.3,69.35,22.35,100,100,36.95,61.95,1.1,36.95,41.23,21.82,59.35,53.5,53.65,37.7,95.4
Tanah Bumbu,17.17,4.12,0.42,0.07,"619,249",13.43,50.91,35.66,100,100,41.72,39.93,18.35,41.72,16.43,41.85,60.06,51.03,51.17,78.59,100
Balangan,7.07,5.22,0.55,0.13,"508,157",20.96,65.42,13.62,100,100,27.62,66.18,6.2,27.62,64,8.38,57.87,52.62,52.75,90.48,86.62
Kota Banjarmasin,33.47,4.63,0.55,0.09,"708,617",4.9,75.7,19.4,100,99.22,47.31,17.2,35.49,47.31,-,52.69,64.55,46.07,46.35,93.08,65.84
Kota Banjar Baru,11.18,3.92,0.62,0.14,"753,899",47.89,43.65,8.47,100,100,43.91,17.87,38.22,43.91,9.31,46.77,55.21,46.1,46.21,34.14,100
Paser,26.39,9.11,1.04,0.19,"600,332",6.22,51,42.78,100,100,51.53,15.74,32.73,51.53,24.22,24.25,54.75,52.16,52.26,62.79,97.42
Kutai Barat,14.69,9.72,1.29,0.23,"679,660",19.03,55.74,25.24,100,100,49.46,37.42,13.12,49.46,28.75,21.79,56.43,50.3,50.55,80.78,86.38
Kutai Kartanegara,60.86,7.61,0.91,0.17,"644,570",9.25,62.96,27.78,100,100,52.06,24.82,23.12,52.06,13.66,34.28,57.33,47.07,47.38,77.22,93.15
Kutai Timur,37.04,9.06,1.2,0.28,"714,241",21.7,48.07,30.23,100,100,44.1,40.4,15.49,44.1,26.35,29.54,56.34,43.78,44.19,62.29,83.78
Berau,13.26,5.54,0.16,0.01,"677,819",25.65,48.08,26.27,100,100,40.95,41.92,17.13,40.95,46.06,12.99,59.03,44.54,44.8,75.95,91.15
Penajam Paser Utara,11.19,6.97,0.75,0.14,"583,239",14.7,57.47,27.84,100,100,41.77,30.18,28.04,41.77,32.59,25.63,50.77,48.35,48.42,88.7,93.77
Mahakam Hulu,3.06,11.38,1.02,0.14,"740,683",18.26,57.82,23.92,100,100,34.43,47.87,17.7,34.43,46.14,19.43,52.71,58.63,58.37,45.87,94.8
Kota Balikpapan,14.99,2.31,0.25,0.04,"743,084",8.1,53.99,37.91,100,100,46.53,32.12,21.34,46.53,4.97,48.49,55.11,41.05,41.14,100,100
Kota Samarinda,41.89,4.81,0.75,0.16,"850,842",6.82,45.96,47.22,92.88,84.49,50.97,12.22,36.81,50.97,-,49.03,52.04,42.78,42.94,80.52,100
Kota Bontang,7.71,4.11,0.39,0.05,"763,661",16.28,46.46,37.26,100,100,38.5,27.51,33.99,38.5,11.4,50.1,57.98,41.53,41.79,94.25,93.15
Malinau,5.95,6.54,0.37,0.06,"749,933",29.96,51.71,18.33,100,81.37,37.89,54.63,7.48,37.89,52.76,9.34,51.43,48.05,48.14,52.89,95.37
Bulungan,12.19,8.99,0.84,0.13,"551,925",20,56.18,23.82,100,100,37.48,47.41,15.11,37.48,40.67,21.85,57.94,47.25,47.63,45.87,97.22
Tana Tidung,1.47,4.62,0.14,0.02,"490,400",21.84,69.65,8.51,100,100,49.54,22.56,27.89,49.54,23.74,26.72,54.74,49.5,49.6,100,97.87
Nunukan,11.88,5.53,0.59,0.09,"556,342",12.76,72.03,15.21,100,94.84,46.89,41.01,12.11,46.89,37.33,15.78,59.05,49.6,49.84,93.75,76.36
Kota Tarakan,16.49,6.1,0.79,0.19,"819,621",9.44,68.66,21.9,100,99.6,50.44,22.39,27.18,50.44,2.38,47.18,52.53,44.66,44.88,98.54,88.56
Bolaang Mongondow,19.02,7.37,0.55,0.11,"394,032",29.37,39.51,31.12,100,77.14,50.96,27.42,21.62,50.96,31.03,18.01,66.5,56.64,56.91,65.94,85.51
Minahasa,23.86,6.87,1.51,0.48,"338,802",5.77,42.79,51.45,100,88.12,59.12,30.69,10.19,59.12,25.81,15.07,69.54,51.97,52.32,89.49,89.07
Kepulauan Sangihe,14.6,11.01,2.01,0.54,"313,945",23.54,42.56,33.9,100,63.07,48.12,38.04,13.84,48.12,18.83,33.05,74.45,52.68,53.52,92.28,78.28
Kepulauan Talaud,7.97,8.46,1.18,0.28,"352,120",7.44,58.63,33.93,100,100,46.92,48.49,4.59,46.92,41.47,11.61,74.25,59.37,59.77,74.58,59.03
Minahasa Selatan,18.9,8.89,1.14,0.22,"394,739",6.94,49.26,43.79,100,86.44,53.93,37,9.07,53.93,14.12,31.95,71.21,55.99,56.44,91.63,83.19
Minahasa Utara,13.66,6.65,1.13,0.29,"391,699",22.17,53.51,24.33,100,98.38,55.34,22.86,21.8,55.34,19.54,25.12,76.32,47.87,48.37,90.34,88.96
Bolaang Mongondow Utara,6.56,7.9,0.81,0.14,"316,327",20.79,61.86,17.34,100,94.87,39.03,43.95,17.02,39.03,43.29,17.68,70.64,53.23,53.7,92.34,66.59
Siau Tagulandang Biaro,5.92,8.76,0.95,0.16,"370,423",16.58,57.29,26.13,85.7,94.17,53.93,34.63,11.44,53.93,32.58,13.49,69.77,53.38,53.85,100,94.63
Minahasa Tenggara,12.7,11.84,1.47,0.29,"385,636",17.51,61.39,21.11,100,92.43,44.02,39.92,16.06,44.02,21.12,34.85,74.07,56.42,57.31,90.76,84.27
Bolaang Mongondow Selatan,8.28,12.04,1.47,0.28,"397,381",21.56,57.84,20.6,97.24,92.53,55.82,34.72,9.46,55.82,22.75,21.43,72.92,57.94,58.73,91.44,73.3
Bolaang Mongondow Timur,4.32,5.8,0.66,0.11,"411,409",18.91,54.63,26.46,75.32,100,50.46,25.67,23.88,50.46,22.78,26.76,71.95,54.28,54.62,89.46,83.63
Kota Manado,25.17,5.79,0.93,0.23,"521,012",15.78,48.03,36.19,100,100,51.47,12.34,36.19,51.47,5.53,43.01,69.37,43.02,43.41,88.78,94.77
Kota Bitung,15,6.56,0.99,0.25,"501,139",18.08,57.97,23.95,95.93,100,55.2,10.09,34.71,55.2,6.45,38.36,70.77,51.26,51.66,93.38,100
Kota Tomohon,6.24,5.6,0.89,0.21,"508,251",8.83,48.57,42.6,90.52,100,55.19,27.88,16.93,55.19,1.03,43.78,71.35,49.3,49.67,97.29,100
Kota Kotamobagu,6.82,5.03,0.59,0.12,"426,174",9.46,68.54,22,100,100,38.61,36.72,24.67,38.61,25.68,35.71,71.14,46.46,46.84,94.56,78.81
Banggai Kepulauan,15.5,12.9,2.23,0.63,"432,673",21.25,64.86,13.89,91.84,88.72,34.89,50.45,14.67,34.89,44.28,20.83,63.51,55.81,56.26,99.34,67.07
Banggai,27.38,6.94,0.8,0.17,"488,788",18.88,55.72,25.39,100,82.97,45.58,50.99,3.42,45.58,25.69,28.73,60.09,50.61,50.88,94.09,73.43
Morowali,15.75,12.31,1.52,0.32,"553,185",7.15,77.11,15.74,100,77.27,54.23,28.25,17.52,54.23,18.14,27.63,60.75,49.18,49.75,70.77,82.48
Poso,41.48,15.16,2.58,0.63,"599,881",14.84,53.31,31.85,99.82,89.96,44.01,48.11,7.88,44.01,34.47,21.52,59.27,52.48,52.97,84.98,85.3
Donggala,50.37,16.25,2.65,0.63,"421,493",17.96,63.27,18.77,98.72,92.21,43.81,42.67,13.53,43.81,33.46,22.74,62.46,55.05,55.62,87.54,57.54
Toli-Toli,31.13,12.85,1.59,0.36,"405,556",12.15,58.65,29.2,87.02,74.67,47.16,29.78,23.06,47.16,36.17,16.66,52.64,45.18,45.55,78.04,60.63
Buol,23.13,13.36,1.63,0.32,"438,363",13.96,64.38,21.66,92.44,78.09,51.44,35.22,13.34,51.44,26.53,22.03,57.58,54.98,55.15,73.48,81.81
Parigi Moutong,77.18,14.91,2.61,0.64,"531,255",24.95,63,12.05,93.78,81.62,39.69,49.71,10.59,39.69,43.11,17.2,61.56,51.73,52.33,54.66,22.3
Tojo Una-Una,26.51,16.74,2.42,0.52,"597,788",11.69,65.96,22.35,100,85.57,35.24,48.3,16.45,35.24,33.21,31.55,59.02,53.5,53.99,92.11,65.39
Sigi,31.47,12.83,2.4,0.64,"445,106",10.7,74.43,14.87,100,86.83,34.32,56.53,9.15,34.32,57.54,8.14,61.85,53.45,53.92,41.54,70.18
Banggai Laut,11.271,14.15,1.824,0.444,"424,660",18.61,55.13,26.26,99.62,71.95,58.65,29.68,11.66,58.65,20.64,20.71,62.23,57.53,57.86,79.47,79.81
Morowali Utara,17.663,12.85,2.329,0.705,"556,204",12.39,70.32,17.29,100,98.37,51.09,31.51,17.39,51.09,30.8,18.11,58.79,53.88,54.16,88.5,95.66
Kota Palu,26.83,6.56,0.84,0.19,"632,261",9.42,60.7,29.88,100,100,52.13,13.4,34.47,52.13,6.81,41.05,58.62,45,45.32,98.82,77.22
Kepulauan Selayar,16.89,12.27,2.36,0.68,"453,432",29.53,44.27,26.2,100,91.32,44.92,36.31,18.77,44.92,22.22,32.86,64.84,56.08,56.52,97.72,80.47
Bulukumba,30.65,7.22,1.16,0.24,"406,882",28.22,45.52,26.26,100,79.9,47.47,33.66,18.88,47.47,22.51,30.02,68.9,47.99,48.43,100,88.42
Bantaeng,17.49,9.18,1.21,0.27,"419,677",41.48,40.65,17.87,100,100,38.54,48.1,13.36,38.54,38.63,22.83,64.82,53.66,54.08,87.83,95.96
Jeneponto,48.32,13.06,2.23,0.62,"405,280",35.33,34.73,29.94,99.9,85.63,39.7,45.45,14.85,39.7,41.53,18.77,64.95,55.92,56.4,93.01,81.54
Takalar,25.01,8.29,0.81,0.11,"428,941",26.7,49.74,23.55,99.78,84.94,62.57,16.03,21.4,62.57,16.34,21.08,62.97,49.86,50.22,100,88.87
Gowa,59.1,7.42,0.72,0.12,"456,719",27.91,49.34,22.75,100,100,49.99,40.56,9.45,49.99,36.54,13.47,63.36,47.2,47.51,99.07,99.07
Sinjai,21.14,8.55,0.98,0.16,"397,562",30.49,44.99,24.51,100,70.39,51.57,36.3,12.13,51.57,32.8,15.64,63.48,50.96,51.38,95.47,96.96
Maros,34.96,9.65,1.89,0.47,"510,040",27.3,46.44,26.26,100,88.89,46.88,34.79,18.33,46.88,31.63,21.49,67.04,49.76,50.23,88.57,85.31
Pangkajene Dan Kepulauan,46.06,13.4,2.15,0.5,"416,815",12.12,55.23,32.65,96.28,79.61,44.46,26.92,28.62,44.46,18.08,37.45,64.77,48.75,49.53,89.19,97.89
Barru,14.88,8.46,1.48,0.45,"400,702",21.48,54.27,24.25,100,100,58.84,23.18,17.98,58.84,26.51,14.65,64.48,46.71,47.18,82.72,98.74
Bone,80.12,10.53,1.23,0.26,"408,244",32.02,50.8,17.18,100,84.24,47.22,35.84,16.94,47.22,42.93,9.84,55.9,42.7,43.09,80.77,100
Soppeng,17.21,7.48,1.44,0.4,"398,802",20.86,58.3,20.84,100,100,52.67,30.39,16.93,52.67,32.3,15.03,56.8,49.36,49.5,96.52,97.16
Wajo,27.54,6.73,1.34,0.43,"402,351",30.7,48.83,20.47,92.03,84.76,53.42,33.62,12.97,53.42,34.38,12.21,69.26,47.22,47.65,98.04,98.05
Sidenreng Rappang,15.75,5.14,0.54,0.1,"421,321",17.42,47.84,34.74,99.84,44.07,55.95,20.24,23.81,55.95,20.66,23.4,66.36,47.64,47.98,96.3,100
Pinrang,34.23,8.9,1.22,0.28,"400,091",19.85,52.08,28.07,100,85.69,59.63,29.91,10.46,59.63,25.78,14.59,66.22,51.68,52.19,74.04,89.98
Enrekang,26.97,12.69,1.96,0.43,"408,198",29.69,45.02,25.28,100,100,43.74,48.84,7.41,43.74,42.54,13.72,65.49,52.35,52.95,77.87,94.27
Luwu,47.67,12.71,2.19,0.55,"414,118",13.27,51.05,35.68,98.79,87.39,47.95,38.36,13.69,47.95,34.84,17.21,59.75,56.44,56.61,70.07,97.03
Tana Toraja,30.23,12.48,1.8,0.4,"399,202",27.38,45.69,26.93,100,95.04,40.15,50.97,8.88,40.15,43.25,16.6,65.39,54.63,55.16,41.57,93.89
Luwu Utara,40.79,12.66,2.2,0.63,"414,548",18.13,61.09,20.78,99.25,85.83,41.39,48.63,9.98,41.39,43.92,14.68,63.03,51.28,51.89,85.97,92.84
Luwu Timur,21.57,6.93,1.46,0.41,"438,178",20.07,53.98,25.96,100,87.55,44.57,39.34,16.1,44.57,37.22,18.22,62.74,48,48.23,60.19,84.18
Toraja Utara,29.14,12.12,2.47,0.7,"395,731",26.67,43.52,29.81,97.32,100,46.2,45.05,8.74,46.2,37.89,15.9,70.77,53.94,54.72,41.42,91.67
Kota Makassar,80.32,5.07,0.62,0.15,"570,286",13.06,37.86,49.07,100,95.17,69.01,7.46,23.53,69.01,1.98,29.01,61.59,41.37,41.62,90.12,99.89
Kota Parepare,7.98,5.34,0.58,0.12,"445,032",14.33,63.41,22.25,97.22,100,59.34,20.23,20.43,59.34,2.02,38.63,58.39,41.85,42.09,96.96,100
Kota Palopo,14.85,7.69,1.1,0.25,"442,276",18.88,54.32,26.8,100,100,51.87,28.39,19.74,51.87,13.87,34.26,66.87,46.13,46.64,88.83,81.26
Buton,14.15,13.77,1.93,0.37,"302,183",20.1,54.04,25.85,99.18,100,49.43,39.39,11.19,49.43,25.11,25.46,64.76,53.63,54.26,99.22,81.33
Muna,32.24,14.07,2.21,0.5,"419,071",23.88,55.96,20.15,100,92.05,43.09,47.35,9.56,43.09,39.04,17.87,62.65,52.08,52.67,100,94.5
Konawe,33.09,13.02,2.35,0.6,"400,581",10.89,60.59,28.52,100,72.75,40.93,46.97,12.1,40.93,25.72,33.35,63.84,47.7,48.48,95.56,98.89
Kolaka,32.96,11.8,1.95,0.5,"464,000",8.67,66.48,24.85,100,97.54,45.19,41.75,13.05,45.19,31.28,23.52,65.53,51.75,52.36,90.83,88.13
Konawe Selatan,36.84,11.26,2.2,0.55,"331,620",21.36,52.21,26.43,99.36,100,40.91,44.91,14.18,40.91,39.58,19.51,62.12,46.1,46.7,96.85,93.45
Bombana,20.52,10.73,2.05,0.55,"406,706",27.06,57.44,15.5,100,89.87,58.59,24.27,17.14,58.59,16.22,25.18,65.84,53.17,53.65,99.85,77.98
Wakatobi,15.34,14.81,3.64,1.22,"340,151",23.18,57.85,18.97,99.66,91.84,45.4,38.32,16.28,45.4,32.83,21.78,60.93,50.21,50.73,100,84.25
Kolaka Utara,21.79,13.57,2.93,0.9,"517,092",17.93,61.01,21.06,99.62,91.69,47.33,36.15,16.52,47.33,28.79,23.88,66.72,46.94,47.83,76.19,83.77
Buton Utara,9.09,14.06,2.13,0.48,"403,834",13.34,63.23,23.43,100,100,39.42,49.76,10.81,39.42,36.35,24.23,61.24,51.11,51.66,94.07,81.9
Konawe Utara,9.01,13.48,2.47,0.63,"381,620",16,53.49,30.52,100,100,57.44,28.1,14.46,57.44,20.43,22.13,60.88,46.37,46.95,71.07,82.35
Kolaka Timur,20.408,14.04,2.486,0.641,"513,085",12.02,55.59,32.39,97.69,92.74,44.7,42.2,13.1,44.7,28.29,27.01,62.81,43.95,44.92,99.85,97.31
Konawe Kepulauan,5.435,15.9,2.789,0.726,"393,000",7.95,54.71,37.34,96.55,92.66,47,30.66,22.34,47,14.5,38.5,62.28,50.21,51.03,98.17,92.1
Muna Barat,11.811,14.03,1.918,0.365,"412,697",21.43,57.84,20.73,98.11,76.13,46.24,34.16,19.6,46.24,25.22,28.54,60.55,50.79,51.36,100,76.96
Buton Tengah,14.455,15.43,1.718,0.336,"299,593",29.62,56.94,13.44,100,98.65,35.44,50.92,13.64,35.44,30.52,34.04,61.39,51.5,52.16,91.27,78.91
Buton Selatan,11.875,14.76,1.999,0.443,"290,203",21.53,53.98,24.48,100,100,46.64,36.43,16.93,46.64,19.68,33.68,63.87,55.13,55.72,94.25,92.1
Kota Kendari,19.24,4.59,0.64,0.13,"503,369",6.42,57.14,36.44,100,100,52.94,29.55,17.51,52.94,13.24,33.82,62.24,42.15,42.37,90.55,96.79
Kota Baubau,13.29,7.53,1.21,0.38,"412,008",17.4,49.59,33.01,100,91.51,47.49,30.53,21.98,47.49,19.89,32.62,53.99,41.97,42.22,99.82,95.59
Boalemo,31.94,18.38,3.41,0.81,"525,007",41.36,42.16,16.48,95.42,92.25,40.28,42.11,17.61,40.28,37.71,22.01,83.3,55.38,57.07,92.32,63.21
Gorontalo,65.88,17.48,3.97,1.23,"568,430",40.44,43.33,16.23,93.12,91.7,39.31,45.81,14.88,39.31,43.14,17.55,79.61,45.39,47.18,81.82,61.3
Pohuwato,29.39,17.64,2.69,0.6,"370,530",30.59,50.86,18.56,98.67,93.03,41.5,38.8,19.7,41.5,35.82,22.68,81.69,51.75,53.63,90.58,65.13
Bone Bolango,24.72,15.51,2.35,0.52,"505,252",29.86,49.47,20.67,100,77.59,45.88,40.85,13.27,45.88,28.03,26.09,81.6,46.1,47.75,97.51,73.66
Gorontalo Utara,19.17,17.03,2.69,0.59,"371,302",43.11,47.54,9.35,97.28,81.86,43.53,45.25,11.22,43.53,39.45,17.02,82.12,54.54,55.94,92.46,67.12
Kota Gorontalo,12.62,5.64,0.62,0.11,"697,650",31.79,49.16,19.06,100,78.88,44.02,22.65,33.33,44.02,7.75,48.23,69.67,39.14,39.59,100,85.76
Majene,25.8,14.54,1.87,0.35,"461,255",13.53,47.82,38.65,98.85,100,50.56,40.1,9.34,50.56,26.51,22.93,63.04,51.13,51.81,97.69,77.24
Polewali Mandar,71.92,16.08,2.42,0.58,"482,658",26.63,45.82,27.55,98.4,82.55,39.42,43.24,17.33,39.42,28.96,31.61,66.85,51.25,52.33,69.58,90.24
Mamasa,23.58,14.31,2.17,0.45,"329,768",22.45,49.99,27.56,95.11,81.09,33.17,57.08,9.75,33.17,51.48,15.35,56.91,52.6,52.83,28.71,74.48
Mamuju,23.5,7.57,0.79,0.13,"340,795",35.2,39.69,25.12,97.47,62.98,52.15,36.04,11.81,52.15,30.32,17.52,59.15,49.27,49.51,82.91,69.99
Pasangkayu,8.94,4.79,0.72,0.16,"432,269",30.32,54.66,15.02,99.63,77.84,47.62,40.6,11.78,47.62,20.89,31.49,61.59,52.75,52.89,86.65,56.8
Mamuju Tengah,10.391,7.32,0.965,0.184,"309,227",20.96,50.33,28.71,100,99.56,39.25,46.58,14.17,39.25,39,21.75,59.39,46.36,46.67,58.96,79.84
Kepulauan Tanimbar,27.64,24.47,4.07,0.92,"615,768",4.01,62.42,33.57,100,99.17,35.57,51.61,12.82,35.57,47.87,16.56,58.05,49.21,50.33,98.25,93.78
Maluku Tenggara,22.02,21.79,3.85,1.06,"669,140",8.03,50.81,41.16,99.17,98.03,52.01,39.88,8.11,52.01,33.56,14.43,55.5,50.1,50.73,83.79,94.84
Maluku Tengah,67.22,17.84,2.78,0.74,"589,125",10.26,57.75,31.99,100,97.27,49.16,44.28,6.55,49.16,35.14,15.7,60.88,51.64,52.41,98.89,71.45
Buru,25.19,16.53,3.07,0.84,"584,277",10.36,55.26,34.38,100,89.23,54.43,35.46,10.11,54.43,24.67,20.9,59.84,48.71,49.49,99.75,80.05
Kepulauan Aru,23.13,24.21,4.33,1.26,"626,086",14.86,65.23,19.91,99.75,77,46.99,49.62,3.39,46.99,45.28,7.73,57.8,50.9,51.65,77.62,26.61
Seram Bagian Barat,38.87,22.39,4.56,1.43,"486,747",14.2,56.8,29,99.29,98.82,44.02,44.53,11.46,44.02,40,15.98,60.87,52.1,53.18,92.2,49.32
Seram Bagian Timur,24.26,21.08,3.29,0.78,"458,176",14.22,60.6,25.19,100,98.21,43.64,45.74,10.61,43.64,37.8,18.56,58.41,53.9,54.42,74.79,56.33
Maluku Barat Daya,21.23,28.78,5.58,1.58,"658,036",10.42,62.9,26.68,98.41,93.96,38.26,54.02,7.72,38.26,46.14,15.6,60.13,57.13,57.69,97.58,90.46
Buru Selatan,9.77,15.28,2.27,0.51,"743,721",27.97,50.76,21.26,95.61,79.6,34.09,61.26,4.65,34.09,34.7,31.21,58.65,51.6,52.11,68.73,26.52
Kota Ambon,25.87,5.25,0.65,0.14,"716,560",1.19,51.29,47.52,100,95.79,54.99,28.1,16.91,54.99,9.01,36,51.45,40.75,40.98,100,98.29
Kota Tual,16.41,20.68,2.86,0.67,"722,498",8.62,53.53,37.85,99.07,99.38,58.68,26.33,14.99,58.68,13.95,27.37,49.48,45.73,46.14,97.78,85.9
Halmahera Barat,10.53,8.74,1.58,0.43,"414,870",14.07,58.58,27.35,94.46,100,42.71,41.78,15.5,42.71,21.42,35.87,53.52,49.77,49.91,80.93,48.2
Halmahera Tengah,6.74,11.44,1.8,0.52,"552,350",22.09,48.5,29.41,89.75,94.46,44.75,41.65,13.6,44.75,23.1,32.15,56.36,46.14,46.63,98.65,70.56
Kepulauan Sula,8.45,8.17,0.7,0.09,"453,476",9.29,73,17.7,99.26,83.65,50.02,43.54,6.44,50.02,33.04,16.95,61.54,54.93,55.17,84.96,83.31
Halmahera Selatan,13.65,5.68,0.88,0.17,"400,768",15.54,70.28,14.18,100,100,29.49,61.07,9.44,29.49,43.35,27.16,60.71,55.84,55.96,88.96,61.33
Halmahera Utara,9.18,4.62,0.42,0.05,"378,968",39.28,51.02,9.7,78.5,98.92,49.82,45.62,4.56,49.82,10.13,40.04,59.73,51.91,52.05,87.34,65.21
Halmahera Timur,12.59,12.47,2.55,0.71,"631,233",18.16,57.43,24.41,100,87.07,38.65,57.65,3.71,38.65,22.7,38.65,59.25,51.67,52.06,61.61,48.39
Pulau Morotai,3.81,5.38,0.72,0.16,"379,931",17.94,59.03,23.03,90.46,100,41.78,54.39,3.84,41.78,44.72,13.51,66.61,56.32,56.51,100,88.22
Pulau Taliabu,4.025,7.31,0.684,0.116,"491,203",13.93,59.88,26.19,100,91.34,41.55,40.88,17.58,41.55,23.84,34.62,58.62,56.68,56.73,100,50.29
Kota Ternate,8.36,3.39,0.56,0.13,"668,074",7.17,30.27,62.55,100,100,58.99,28.86,12.14,58.99,7.26,33.75,42.65,43.31,43.3,100,100
Kota Tidore Kepulauan,6.48,6.35,0.96,0.23,"540,752",4,61.59,34.41,100,75.22,36.43,44.23,19.35,36.43,28.66,34.92,55.55,47.59,47.8,80,76.73
Fakfak,17.84,21.38,4.92,1.62,"671,021",14.74,53.68,31.58,96.15,100,46.2,41.52,12.28,46.2,40.58,13.23,58.64,48.67,49.46,97.81,66.69
Kaimana,9.9,14.57,3.13,0.91,"609,865",25.65,45.52,28.82,94.73,92.95,37.51,55.69,6.8,37.51,55.67,6.82,61.91,48.32,48.91,77.73,64.23
Teluk Wondama,10.24,28.9,6.44,2.01,"659,187",18.83,49.62,31.55,96.06,98.99,32.74,55.24,12.02,32.74,54.25,13.01,61.01,52.95,53.85,38.75,33.67
Teluk Bintuni,19.82,28.24,7.44,2.66,"787,048",11.28,60.1,28.62,99.69,97.05,49.29,35.61,15.09,49.29,31.17,19.54,63.36,51.1,52.43,81.83,68.29
Manokwari,33.35,18.73,4.16,1.31,"752,635",21.29,39.8,38.91,92.62,100,36.52,43.11,20.38,36.52,29.22,34.26,52.89,43.94,44.46,72.6,96.19
Sorong Selatan,9.35,18.11,3.43,0.89,"506,944",35.06,45.24,19.71,98.41,96.23,19.69,78.82,1.49,19.69,78.82,1.49,57.4,54.36,54.52,21.86,8.99
Sorong,26.27,26.88,7.2,2.58,"559,363",21.08,46.99,31.93,96.67,99.11,40.74,45.02,14.24,40.74,43.47,15.79,55.45,47.3,48.14,76.49,90.58
Raja Ampat,8.51,16.76,2.53,0.62,"557,107",17.61,55.12,27.27,97.19,96.99,52.9,38.81,8.3,52.9,35.7,11.41,56.48,55.88,55.92,76.75,56.46
Tambrauw,5.13,31.23,5.07,1.34,"528,817",25.37,44.11,30.52,96.12,93.06,35,55.82,9.18,35,52.68,12.33,62.29,54.93,55.95,61.63,72.97
Maybrat,13.57,30.28,8.09,2.95,"515,069",16.78,47.75,35.47,96.54,93.9,32.87,57.46,9.67,32.87,48.08,19.05,51.22,44.85,45.57,53.32,51.05
Manokwari Selatan,7.693,27.8,7.45,2.525,"719,773",29,44.86,26.13,98.6,91.27,28.98,59.64,11.38,28.98,56.48,14.54,56.56,50.68,51.31,80.46,75.24
Pegunungan Arfak,11.714,32.29,6.207,1.699,"723,662",31.11,45.95,22.95,86.84,95.71,22.96,74.56,2.48,22.96,74.67,2.38,56.67,56.59,56.6,78.41,59.76
Kota Sorong,41.61,14.41,3.98,1.53,"889,486",5.29,51.05,43.66,99.86,90.28,59.12,30.43,10.45,59.12,8.06,32.82,53.47,46.43,46.8,84.01,85.85
Merauke,24.03,10.01,1.96,0.55,"434,596",23.2,40.66,36.14,87.6,99.2,31.15,67.11,1.74,31.15,61.14,7.71,51.95,46.62,46.76,65.8,73.17
Jayawijaya,73.42,34.71,9.37,3.75,"566,319",42.21,34.95,22.84,88,79.42,21.64,77.03,1.33,21.64,76.11,2.25,65.8,56.28,57.86,51.9,62.55
Jayapura,14.91,11.45,2.12,0.57,"706,549",16.24,40.79,42.97,100,95.86,53.26,38.89,7.84,53.26,36.26,10.47,61.82,55.12,55.3,44.54,62.08
Nabire,34.83,23.35,8.02,3.34,"771,751",12.04,43.13,44.82,90.93,91.34,45.69,27.69,26.62,45.69,28.23,26.08,59.41,48.67,49.5,91.92,76.71
Kepulauan Yapen,26.03,25.89,6.42,2.09,"757,676",21.86,46.01,32.14,97.95,95.06,48.49,45.2,6.31,48.49,41.44,10.07,59.76,54.03,54.6,77.59,91.27
Biak Numfor,35.7,23.53,5.6,1.83,"657,182",15.93,44.64,39.44,98.97,94.8,49.46,43.3,7.24,49.46,36.42,14.12,56.94,46.36,47.32,66.89,93.07
Paniai,61.14,35.39,4.37,0.79,"654,960",57.85,28.71,13.44,59.5,58.47,24.69,75.29,0.03,24.69,73.59,1.72,66.45,68.03,67.67,96.17,92.19
Puncak Jaya,47.5,35.6,7.28,2.36,"823,079",65.11,21.28,13.61,55.86,38.55,35.52,64.02,0.46,35.52,63.99,0.5,64.99,60.27,60.99,84.69,14.31
Mimika,30.31,13.55,3.96,1.74,"1,056,252",25.69,60.66,13.65,87.5,99.28,32.45,65.34,2.21,32.45,63.91,3.64,57.35,45.3,45.66,100,59.58
Boven Digoel,14.25,19.8,4.5,1.46,"585,228",35.84,47.37,16.79,85.06,87.28,33.73,61.15,5.11,33.73,57.13,9.13,66.08,52.21,52.99,16.06,41.3
Mappi,26.82,25.72,3.12,0.66,"427,352",25.97,47.3,26.73,91.91,90.32,53.97,43.1,2.94,53.97,43.92,2.12,62.37,60.03,60.27,15.44,52.94
Asmat,25.58,24.36,3.75,0.89,"450,237",49.7,40.54,9.76,67.82,79.5,29.62,67.36,3.03,29.62,67.15,3.24,69.28,58.96,60.03,97.37,46.35
Yahukimo,72.14,36.08,5.03,1.04,"549,772",48.62,39.96,11.42,66.52,55.56,14.83,84.94,0.23,14.83,85.03,0.14,77.39,62.8,65.39,46.22,37.71
Pegunungan Bintang,23.32,29.79,7.66,2.68,"766,275",62.33,27.9,9.77,61.01,50.29,36.76,63.13,0.1,36.76,63.13,0.1,68.41,62.53,63.43,75.87,20.47
Tolikara,48.4,31.57,5.23,1.26,"525,770",68.95,24.1,6.95,78.54,77.04,12.22,87.17,0.62,12.22,86.14,1.64,74.98,73.83,74.02,26.4,1.3
Sarmi,5.45,13.21,2.04,0.41,"633,124",24.95,41.31,33.74,84.34,83.27,41.87,53.41,4.72,41.87,52.44,5.69,64.71,54.12,54.63,77.53,63.58
Keerom,9.32,15.68,3.79,1.25,"807,097",19.3,57.85,22.85,88.46,91.13,59.99,33.93,6.08,59.99,32.73,7.28,61.04,53.78,54.13,63.03,70.82
Waropen,9.86,29.16,7.16,2.35,"810,167",19.79,48.94,31.27,96.28,97.79,57.05,32.22,10.73,57.05,29.5,13.46,61.51,53.26,54.16,89.43,96.71
Supiori,7.94,36.99,11.01,4.14,"554,954",14.43,49.22,36.35,97.28,85.34,59.99,31.31,8.7,59.99,26.12,13.88,65.06,64.87,64.9,65.39,96.31
Mamberamo Raya,7.56,29.63,6.25,1.85,"834,564",13.96,52.28,33.76,99.23,93.63,63.37,35.29,1.33,63.37,33.38,3.25,63.19,69.42,68.64,69.5,75.82
Nduga,43.27,37.09,10.75,4.09,"475,682",50.14,39.14,10.72,61.91,43.64,0.74,95.71,3.55,0.74,95.71,3.55,60.69,71.71,69.78,15.26,4.19
Lanny Jaya,76.43,36.94,13.15,6.58,"625,677",53.19,33.87,12.93,87.09,78.99,9.33,89.42,1.25,9.33,89.88,0.79,72.88,72.39,72.49,3.91,51.21
Mamberamo Tengah,19.83,35.42,7.89,2.62,"526,584",50.16,25.24,24.6,89.31,83.25,10.77,88.13,1.1,10.77,88.65,0.58,78.06,74.27,75.07,2.19,81.73
Yalimo,21.67,30.97,11.89,6.94,"434,256",32.08,54.26,13.66,83.21,79.97,18.79,81.15,0.06,18.79,81.21,-,62.87,60.53,60.82,52.95,42.48
Puncak,42.01,36.44,9.12,3.34,"836,828",76.52,21.04,2.44,53.91,24.11,6.79,91.07,2.14,6.79,91.07,2.14,75.92,73.17,73.82,40.84,21.69
Dogiyai,29.32,29.2,4.82,1.3,"653,007",58.09,32.67,9.23,77.11,68.78,15.93,83.65,0.42,15.93,82.18,1.89,61.26,65.96,65.37,62.46,89.13
Intan Jaya,21.16,40.01,14.01,6.08,"853,098",74.37,15.93,9.7,68.01,56.43,21.08,78.18,0.74,21.08,78.43,0.49,70.83,68.55,68.93,92.84,82.34
Deiyai,30.18,38.66,6.43,1.44,"709,749",61.99,23.47,14.54,46.3,69.35,44.23,53.79,1.97,44.23,55.72,0.05,66.62,61.45,62.47,94.48,95.98
Kota Jayapura,32.79,10.5,2.12,0.68,"1,147,265",11.28,34.61,54.11,93.7,96.97,53.63,26.44,19.92,53.63,8.68,37.69,52.44,41.78,42.16,90.6,88.58
